set235_color;11;8;0;35.6438;29;68;134;68;29;369;134;369
set235_color;12;8;0;37.8329;28;72;132;72;28;370;132;370
set235_color;18;8;0;36.8678;94;71;195;71;94;359;195;359
set235_color;19;8;0;40.9046;105;79;200;79;105;352;200;352
set235_color;20;8;0;36.9191;106;78;206;78;106;365;206;365
set235_color;21;8;0;49.4712;115;81;207;81;115;349;207;349
set235_color;22;8;0;49.6604;115;85;210;85;115;357;210;357
set235_color;23;8;0;37.293;128;89;218;89;128;345;218;345
set235_color;24;8;0;38.0288;137;100;223;100;137;348;223;348
set235_color;25;8;0;38.3415;136;92;231;92;136;365;231;365
set235_color;26;8;0;39.371;144;104;230;104;144;352;230;352
set235_color;27;8;0;39.3293;152;101;239;101;152;353;239;353
set235_color;28;8;0;41.5031;157;105;243;105;157;352;243;352
set235_color;29;8;0;42.2342;162;107;245;107;162;346;245;346
set235_color;30;8;0;49.1914;165;109;248;109;165;348;248;348
set235_color;31;8;0;40.4184;166;109;249;109;166;348;249;348
set235_color;32;8;0;40.6334;169;110;251;110;169;346;251;346
set235_color;33;8;0;40.1534;170;114;250;114;170;345;250;345
set235_color;34;8;0;42.655;174;120;253;120;174;346;253;346
set235_color;35;8;0;42.2188;175;120;254;120;175;349;254;349
set235_color;36;8;0;45.5826;176;123;255;123;176;350;255;350
set235_color;37;8;0;41.1476;176;123;255;123;176;353;255;353
set235_color;38;8;0;40.721;176;124;256;124;176;354;256;354
set235_color;39;8;0;45.7806;178;124;257;124;178;350;257;350
set235_color;40;8;0;39.2779;180;133;254;133;180;346;254;346
set235_color;41;8;0;40.4626;179;127;257;127;179;350;257;350
set235_color;42;8;0;40.6866;178;127;255;127;178;349;255;349
set235_color;43;8;0;43.1113;179;130;256;130;179;349;256;349
set235_color;44;8;0;40.6765;180;132;258;132;180;354;258;354
set235_color;45;8;0;42.1348;179;135;254;135;179;351;254;351
set235_color;46;8;0;41.3998;178;135;256;135;178;358;256;358
set235_color;47;8;0;41.5135;179;136;256;136;179;355;256;355
set235_color;48;8;0;47.1105;179;139;257;139;179;362;257;362
set235_color;49;8;0;40.119;179;139;256;139;179;361;256;361
set235_color;50;8;0;39.857;178;140;255;140;178;359;255;359
set235_color;51;8;0;40.7255;176;140;251;140;176;358;251;358
set235_color;52;8;0;39.7262;175;140;249;140;175;354;249;354
set235_color;53;8;0;40.1947;174;143;245;143;174;350;245;350
set235_color;54;8;0;38.2412;174;146;245;146;174;350;245;350
set235_color;55;8;0;37.0916;167;145;242;145;167;361;242;361
set235_color;56;8;0;41.2018;167;145;240;145;167;354;240;354
set235_color;57;8;0;43.4381;167;153;234;153;167;348;234;348
set235_color;58;8;0;41.5604;165;149;235;149;165;352;235;352
set235_color;59;8;0;39.6948;165;153;232;153;165;347;232;347
set235_color;60;8;0;38.5796;166;159;231;159;166;345;231;345
set235_color;68;8;0;38.2933;169;158;225;158;169;320;225;320
set235_color;69;8;0;39.0024;169;159;227;159;169;328;227;328
set235_color;70;8;0;39.1168;171;161;224;161;171;314;224;314
set235_color;71;8;0;41.2027;166;149;233;149;166;343;233;343
set235_color;72;8;0;39.323;165;154;231;154;165;344;231;344
set235_color;73;8;0;40.3535;166;149;237;149;166;353;237;353
set235_color;74;8;0;39.1269;166;146;240;146;166;362;240;362
set235_color;75;8;0;40.4578;171;145;244;145;171;355;244;355
set235_color;76;8;0;52.7761;172;141;246;141;172;355;246;355
set235_color;77;8;0;56.8433;174;143;248;143;174;356;248;356
set235_color;78;8;0;50.7736;172;141;246;141;172;357;246;357
set235_color;79;8;0;50.7781;175;140;250;140;175;357;250;357
set235_color;80;8;0;42.7043;176;137;254;137;176;362;254;362
set235_color;81;8;0;41.7146;178;136;257;136;178;365;257;365
set235_color;82;8;0;41.1291;180;136;258;136;180;361;258;361
set235_color;83;8;0;42.1453;180;132;260;132;180;363;260;363
set235_color;84;8;0;43.0017;182;133;261;133;182;362;261;362
set235_color;85;8;0;43.0534;182;127;265;127;182;366;265;366
set235_color;86;8;0;43.1764;182;131;262;131;182;362;262;362
set235_color;87;8;0;41.8323;183;130;263;130;183;361;263;361
set235_color;88;8;0;41.246;184;132;263;132;184;361;263;361
set235_color;89;8;0;43.7294;185;132;263;132;185;355;263;355
set235_color;89;8;0;43.7294;219;41;331;41;219;361;331;361
set235_color;90;8;0;43.5218;182;127;264;127;182;361;264;361
set235_color;91;8;0;53.3729;182;128;259;128;182;350;259;350
set235_color;92;8;0;53.5979;179;127;258;127;179;356;258;356
set235_color;93;8;0;57.6216;179;127;257;127;179;352;257;352
set235_color;94;8;0;56.7855;174;124;253;124;174;351;253;351
set235_color;95;8;0;47.5997;171;124;251;124;171;355;251;355
set235_color;96;8;0;42.6718;169;124;251;124;169;359;251;359
set235_color;97;8;0;41.8101;167;122;246;122;167;352;246;352
set235_color;98;8;0;39.7659;162;120;245;120;162;358;245;358
set235_color;99;8;0;41.2939;161;119;245;119;161;361;245;361
set235_color;100;8;0;40.8915;157;119;241;119;157;364;241;364
set235_color;102;8;0;45.7905;154;127;225;127;154;334;225;334
set235_color;103;8;0;39.7484;152;116;231;116;152;345;231;345
set235_color;104;8;0;43.8508;150;115;230;115;150;345;230;345
set235_color;105;8;0;39.1031;152;120;229;120;152;339;229;339
set235_color;106;8;0;38.808;143;114;231;114;143;366;231;366
set235_color;107;8;0;40.1352;146;119;224;119;146;342;224;342
set235_color;108;8;0;42.4041;145;114;227;114;145;349;227;349
set235_color;109;8;0;41.155;146;114;229;114;146;353;229;353
set235_color;110;8;0;41.2532;146;111;233;111;146;362;233;362
set235_color;111;8;0;44.531;154;113;234;113;154;343;234;343
set235_color;112;8;0;40.8807;161;114;241;114;161;346;241;346
set235_color;113;8;0;42.0617;166;118;241;118;166;336;241;336
set235_color;114;8;0;46.0885;172;118;246;118;172;332;246;332
set235_color;115;8;0;41.8399;174;118;253;118;174;344;253;344
set235_color;116;8;0;41.6234;183;118;258;118;183;335;258;335
set235_color;117;8;0;41.1045;183;114;261;114;183;340;261;340
set235_color;121;8;0;42.8235;213;126;284;126;213;331;284;331
set235_color;122;8;0;45.1792;208;53;309;53;208;343;309;343
set235_color;124;8;0;48.5794;239;119;321;119;239;354;321;354
set235_color;125;8;0;45.5014;246;124;320;124;246;337;320;337
set235_color;126;8;0;45.9145;252;120;332;120;252;351;332;351
set235_color;127;8;0;53.4324;262;116;342;116;262;346;342;346
set235_color;128;8;0;48.2664;261;123;336;123;261;340;336;340
set235_color;129;8;0;53.4264;267;118;344;118;267;340;344;340
set235_color;130;8;0;39.7649;271;111;357;111;271;358;357;358
set235_color;131;8;0;39.4916;274;119;351;119;274;340;351;340
set235_color;132;8;0;39.5193;275;118;354;118;275;344;354;344
set235_color;135;8;0;35.6656;295;132;368;132;295;341;368;341
set235_color;185;8;0;36.6294;280;32;389;32;280;344;389;344
set235_color;187;8;0;38.9983;283;135;371;135;283;388;371;388
set235_color;188;8;0;37.8093;280;127;354;127;280;339;354;339
set235_color;189;8;0;41.4006;273;115;350;115;273;336;350;336
set235_color;190;8;0;39.6057;271;114;349;114;271;339;349;339
set235_color;191;8;0;38.9564;275;113;354;113;275;340;354;340
set235_color;192;8;0;40.9872;260;118;337;118;260;340;337;340
set235_color;193;8;0;41.8087;244;100;328;100;244;342;328;342
set235_color;194;8;0;52.0377;237;104;321;104;237;346;321;346
set235_color;195;8;0;58.9469;235;101;319;101;235;343;319;343
set235_color;195;8;0;58.9469;265;179;345;179;265;411;345;411
set235_color;195;8;0;58.9469;297;104;380;104;297;344;380;344
set235_color;196;8;0;56.1172;227;113;307;113;227;344;307;344
set235_color;196;8;0;56.1172;284;101;393;101;284;414;393;414
set235_color;197;8;0;60.1054;220;94;307;94;220;343;307;343
set235_color;198;8;0;46.3793;218;100;304;100;218;347;304;347
set235_color;199;8;0;43.1555;209;91;299;91;209;350;299;350
set235_color;200;8;0;44.9426;205;96;291;96;205;343;291;343
set235_color;201;8;0;44.0068;202;94;285;94;202;332;285;332
set235_color;201;8;0;44.0068;345;50;453;50;345;357;453;357
set235_color;202;8;0;51.1331;197;88;283;88;197;333;283;333
set235_color;203;8;0;44.2257;193;101;275;101;193;339;275;339
set235_color;204;8;0;45.9565;184;97;272;97;184;350;272;350
set235_color;205;8;0;42.1739;180;101;263;101;180;341;263;341
set235_color;206;8;0;42.4171;172;98;255;98;172;338;255;338
set235_color;207;8;0;41.3366;166;97;249;97;166;336;249;336
set235_color;208;8;0;39.4307;154;89;246;89;154;353;246;353
set235_color;209;8;0;42.9088;150;91;241;91;150;351;241;351
set235_color;211;8;0;45.2999;126;76;225;76;126;358;225;358
set235_color;212;8;0;38.2128;124;78;221;78;124;356;221;356
set235_color;213;8;0;39.4872;119;78;220;78;119;366;220;366
set235_color;214;8;0;39.3392;114;78;211;78;114;357;211;357
set235_color;215;8;0;48.1166;107;71;206;71;107;356;206;356
set235_color;224;8;0;36.4937;48;111;123;111;48;328;123;328
set235_color;225;8;0;35.6502;33;106;116;106;33;346;116;346
set235_color;342;8;0;40.7666;59;62;121;62;59;241;121;241
set235_color;355;8;0;37.2373;124;75;221;75;124;354;221;354
set235_color;374;8;0;39.2138;145;188;211;188;145;380;211;380
set235_color;376;8;0;41.741;180;35;285;35;180;336;285;336
set235_color;377;8;0;44.6348;185;27;295;27;185;341;295;341
set235_color;378;8;0;43.3127;196;13;309;13;196;337;309;337
set235_color;379;8;0;51.808;162;146;245;146;162;386;245;386
set235_color;379;8;0;51.808;208;20;316;20;208;327;316;327
set235_color;380;8;0;48.3617;148;126;227;126;148;356;227;356
set235_color;380;8;0;48.3617;219;15;329;15;219;331;329;331
set235_color;381;8;0;54.5639;145;126;220;126;145;342;220;342
set235_color;381;8;0;54.5639;175;130;271;130;175;404;271;404
set235_color;381;8;0;54.5639;236;23;342;23;236;328;342;328
set235_color;382;8;0;47.2005;248;26;352;26;248;325;352;325
set235_color;383;8;0;48.9729;140;122;218;122;140;345;218;345
set235_color;383;8;0;48.9729;258;24;362;24;258;323;362;323
set235_color;384;8;0;51.6791;143;128;217;128;143;340;217;340
set235_color;384;8;0;51.6791;262;19;371;19;262;331;371;331
set235_color;385;8;0;50.4612;273;41;378;41;273;342;378;342
set235_color;386;8;0;49.8815;275;40;381;40;275;344;381;344
set235_color;387;8;0;48.331;282;50;385;50;282;345;385;345
set235_color;388;8;0;51.8714;287;62;386;62;287;345;386;345
set235_color;389;8;0;47.421;288;61;388;61;288;347;388;347
set235_color;390;8;0;60.2567;289;62;389;62;289;349;389;349
set235_color;391;8;0;46.7257;289;63;388;63;289;344;388;344
set235_color;391;8;0;46.7257;379;16;492;16;379;340;492;340
set235_color;392;8;0;51.3126;289;62;392;62;289;357;392;357
set235_color;393;8;0;46.2745;289;62;392;62;289;354;392;354
set235_color;394;8;0;52.3218;293;74;390;74;293;353;390;353
set235_color;395;8;0;48.7804;289;65;389;65;289;351;389;351
set235_color;396;8;0;58.3102;291;63;388;63;291;344;388;344
set235_color;397;8;0;51.3768;292;76;388;76;292;351;388;351
set235_color;398;8;0;57.6617;292;76;387;76;292;349;387;349
set235_color;399;8;0;46.2119;288;78;384;78;288;352;384;352
set235_color;400;8;0;56.5457;289;85;382;85;289;354;382;354
set235_color;401;8;0;47.6604;288;89;380;89;288;354;380;354
set235_color;402;8;0;56.4633;288;84;381;84;288;352;381;352
set235_color;402;8;0;56.4633;392;85;482;85;392;346;482;346
set235_color;403;8;0;45.7497;287;83;380;83;287;351;380;351
set235_color;404;8;0;50.5052;284;79;380;79;284;353;380;353
set235_color;405;8;0;44.1916;283;85;376;85;283;354;376;354
set235_color;406;8;0;52.7091;284;92;375;92;284;352;375;352
set235_color;407;8;0;44.9514;283;96;373;96;283;352;373;352
set235_color;408;8;0;46.356;282;102;370;102;282;354;370;354
set235_color;409;8;0;44.8331;280;106;367;106;280;357;367;357
set235_color;410;8;0;58.3121;279;105;365;105;279;353;365;353
set235_color;411;8;0;43.7695;279;107;366;107;279;356;366;356
set235_color;412;8;0;47.322;279;106;366;106;279;355;366;355
set235_color;413;8;0;43.7078;279;107;363;107;279;351;363;351
set235_color;414;8;0;47.2918;279;107;363;107;279;351;363;351
set235_color;415;8;0;43.9129;279;113;362;113;279;352;362;352
set235_color;416;8;0;44.0368;280;116;363;116;280;355;363;355
set235_color;417;8;0;43.8379;280;116;363;116;280;356;363;356
set235_color;418;8;0;44.5212;282;120;364;120;282;356;364;356
set235_color;419;8;0;45.3996;282;120;365;120;282;359;365;359
set235_color;420;8;0;49.7185;282;118;365;118;282;357;365;357
set235_color;421;8;0;45.7458;280;119;363;119;280;359;363;359
set235_color;421;8;0;45.7458;322;49;427;49;322;350;427;350
set235_color;422;8;0;46.8647;279;119;362;119;279;358;362;358
set235_color;422;8;0;46.8647;163;130;236;130;163;339;236;339
set235_color;423;8;0;50.9759;279;120;359;120;279;352;359;352
set235_color;423;8;0;50.9759;165;132;236;132;165;337;236;337
set235_color;424;8;0;46.4041;171;135;237;135;171;325;237;325
set235_color;424;8;0;46.4041;278;119;361;119;278;358;361;358
set235_color;425;8;0;44.9546;278;127;356;127;278;352;356;352
set235_color;425;8;0;44.9546;172;132;243;132;172;337;243;337
set235_color;426;8;0;57.6781;274;127;351;127;274;349;351;349
set235_color;426;8;0;57.6781;176;130;250;130;176;343;250;343
set235_color;427;8;0;44.2929;273;131;348;131;273;348;348;348
set235_color;428;8;0;44.4205;270;130;347;130;270;351;347;351
set235_color;429;8;0;42.7358;269;135;343;135;269;348;343;348
set235_color;430;8;0;42.1665;266;137;340;137;266;349;340;349
set235_color;431;8;0;45.442;265;141;338;141;265;350;338;350
set235_color;432;8;0;44.5349;263;140;337;140;263;352;337;352
set235_color;432;8;0;44.5349;202;118;280;118;202;341;280;341
set235_color;433;8;0;43.6329;253;136;328;136;253;353;328;353
set235_color;434;8;0;43.4444;260;140;333;140;260;349;333;349
set235_color;435;8;0;44.5887;253;139;327;139;253;351;327;351
set235_color;436;8;0;42.3696;252;140;323;140;252;345;323;345
set235_color;437;8;0;41.3623;258;149;325;149;258;344;325;344
set235_color;438;8;0;41.6497;260;149;329;149;260;345;329;345
set235_color;439;8;0;39.8554;263;150;325;150;263;329;325;329
set235_color;440;8;0;47.3964;239;119;339;119;239;405;339;405
set235_color;441;8;0;42.0605;237;106;338;106;237;396;338;396
set235_color;446;8;0;42.8693;263;118;342;118;263;344;342;344
set235_color;447;8;0;41.1661;263;124;340;124;263;346;340;346
set235_color;448;8;0;42.8519;248;154;312;154;248;338;312;338
set235_color;449;8;0;50.2276;261;137;338;137;261;356;338;356
set235_color;450;8;0;42.6064;257;154;318;154;257;332;318;332
set235_color;451;8;0;46.0252;254;163;315;163;254;338;315;338
set235_color;451;8;0;46.0252;288;116;366;116;288;341;366;341
set235_color;452;8;0;42.8989;257;159;317;159;257;330;317;330
set235_color;452;8;0;42.8989;291;118;368;118;291;339;368;339
set235_color;453;8;0;44.6125;257;154;319;154;257;335;319;335
set235_color;453;8;0;44.6125;295;106;379;106;295;349;379;349
set235_color;454;8;0;44.7866;256;156;321;156;256;344;321;344
set235_color;454;8;0;44.7866;296;110;378;110;296;348;378;348
set235_color;455;8;0;46.2079;256;153;321;153;256;340;321;340
set235_color;455;8;0;46.2079;301;114;381;114;301;346;381;346
set235_color;456;8;0;46.7166;258;153;322;153;258;336;322;336
set235_color;456;8;0;46.7166;306;104;393;104;306;355;393;355
set235_color;457;8;0;48.4618;283;131;358;131;283;348;358;348
set235_color;458;8;0;50.7149;260;156;324;156;260;338;324;338
set235_color;458;8;0;50.7149;310;105;394;105;310;347;394;347
set235_color;459;8;0;55.278;261;153;328;153;261;348;328;348
set235_color;459;8;0;55.278;314;114;392;114;314;337;392;337
set235_color;460;8;0;49.8385;265;152;331;152;265;342;331;342
set235_color;460;8;0;49.8385;319;110;401;110;319;346;401;346
set235_color;460;8;0;49.8385;362;23;474;23;362;340;474;340
set235_color;461;8;0;50.7006;265;148;335;148;265;351;335;351
set235_color;461;8;0;50.7006;331;109;409;109;331;334;409;334
set235_color;462;8;0;49.3704;305;120;384;120;305;347;384;347
set235_color;463;8;0;52.3265;302;124;379;124;302;345;379;345
set235_color;464;8;0;51.1097;309;119;388;119;309;348;388;348
set235_color;465;8;0;48.0753;270;150;337;150;270;344;337;344
set235_color;465;8;0;48.0753;349;106;432;106;349;346;432;346
set235_color;466;8;0;53.3091;270;150;336;150;270;340;336;340
set235_color;466;8;0;53.3091;364;97;451;97;364;348;451;348
set235_color;467;8;0;45.9079;270;153;337;153;270;347;337;347
set235_color;467;8;0;45.9079;374;97;464;97;374;356;464;356
set235_color;468;8;0;44.3664;271;154;336;154;271;340;336;340
set235_color;468;8;0;44.3664;373;109;456;109;373;347;456;347
set235_color;469;8;0;43.4553;271;167;333;167;271;345;333;345
set235_color;469;8;0;43.4553;375;111;454;111;375;341;454;341
set235_color;470;8;0;40.8455;269;122;339;122;269;325;339;325
set235_color;470;8;0;40.8455;378;110;458;110;378;342;458;342
set235_color;471;8;0;43.139;275;171;328;171;275;323;328;323
set235_color;471;8;0;43.139;374;105;456;105;374;341;456;341
set235_color;472;8;0;42.9999;273;171;331;171;273;337;331;337
set235_color;472;8;0;42.9999;375;118;452;118;375;340;452;340
set235_color;473;8;0;41.8175;270;126;341;126;270;331;341;331
set235_color;473;8;0;41.8175;378;119;452;119;378;333;452;333
set235_color;474;8;0;41.4367;270;120;341;120;270;325;341;325
set235_color;474;8;0;41.4367;380;122;455;122;380;338;455;338
set235_color;475;8;0;46.6513;271;175;320;175;271;317;320;317
set235_color;475;8;0;46.6513;379;119;453;119;379;333;453;333
set235_color;476;8;0;40.6421;273;178;322;178;273;321;322;321
set235_color;476;8;0;40.6421;388;124;461;124;388;332;461;332
set235_color;477;8;0;40.5306;263;122;334;122;263;327;334;327
set235_color;478;8;0;39.5954;269;180;318;180;269;322;318;322
set235_color;478;8;0;39.5954;383;127;456;127;383;335;456;335
set235_color;479;8;0;39.3714;263;176;315;176;263;327;315;327
set235_color;479;8;0;39.3714;382;131;455;131;382;341;455;341
set235_color;480;8;0;40.8605;263;172;315;172;263;321;315;321
set235_color;480;8;0;40.8605;380;19;494;19;380;345;494;345
set235_color;481;8;0;42.0966;388;127;459;127;388;332;459;332
set235_color;483;8;0;40.3383;395;44;503;44;395;351;503;351
set235_color;484;8;0;45.0826;397;171;471;171;397;385;471;385
set235_color;484;8;0;45.0826;386;114;464;114;386;339;464;339
set235_color;485;8;0;38.2634;392;116;469;116;392;338;469;338
set235_color;486;8;0;39.1139;391;113;470;113;391;340;470;340
set235_color;487;8;0;40.4571;391;115;468;115;391;336;468;336
set235_color;488;8;0;41.3163;396;93;484;93;396;345;484;345
set235_color;489;8;0;39.3773;231;174;283;174;231;326;283;326
set235_color;490;8;0;38.9361;224;175;275;175;224;319;275;319
set235_color;492;8;0;42.2559;470;105;550;105;470;339;550;339
set235_color;493;8;0;41.4875;403;139;476;139;403;349;476;349
set235_color;503;8;0;47.4081;153;169;206;169;153;322;206;322
set235_color;505;8;0;37.6581;145;170;198;170;145;323;198;323
set235_color;522;8;0;37.3503;97;141;168;141;97;346;168;346
set235_color;523;8;0;37.2399;94;140;167;140;94;349;167;349
set235_color;524;8;0;38.1987;92;136;163;136;92;343;163;343
set235_color;525;8;0;37.9586;92;135;165;135;92;343;165;343
set235_color;526;8;0;40.2678;93;131;164;131;93;336;164;336
set235_color;526;8;0;40.2678;400;45;505;45;400;345;505;345
set235_color;527;8;0;37.1551;92;130;166;130;92;343;166;343
set235_color;528;8;0;39.9892;94;130;168;130;94;342;168;342
set235_color;529;8;0;39.3977;94;132;167;132;94;341;167;341
set235_color;530;8;0;37.8212;101;128;175;128;101;342;175;342
set235_color;531;8;0;38.2294;105;131;178;131;105;340;178;340
set235_color;532;8;0;39.2944;109;131;182;131;109;340;182;340
set235_color;533;8;0;39.4736;110;124;185;124;110;340;185;340
set235_color;534;8;0;39.3845;113;122;188;122;113;340;188;340
set235_color;535;8;0;39.4404;113;119;191;119;113;344;191;344
set235_color;536;8;0;37.6796;115;120;192;120;115;342;192;342
set235_color;537;8;0;40.0837;115;115;201;115;115;362;201;362
set235_color;538;8;0;40.4326;119;115;202;115;119;354;202;354
set235_color;539;8;0;38.3381;118;109;201;109;118;348;201;348
set235_color;540;8;0;40.7569;118;107;205;107;118;359;205;359
set235_color;540;8;0;40.7569;387;115;465;115;387;341;465;341
set235_color;541;8;0;42.4042;122;109;208;109;122;354;208;354
set235_color;541;8;0;42.4042;383;123;461;123;383;346;461;346
set235_color;542;8;0;40.496;373;116;457;116;373;356;457;356
set235_color;542;8;0;40.496;122;105;212;105;122;361;212;361
set235_color;543;8;0;43.0817;126;105;212;105;126;352;212;352
set235_color;543;8;0;43.0817;379;106;462;106;379;346;462;346
set235_color;544;8;0;40.2807;370;100;458;100;370;352;458;352
set235_color;544;8;0;40.2807;130;104;216;104;130;351;216;351
set235_color;545;8;0;43.7116;362;106;445;106;362;346;445;346
set235_color;545;8;0;43.7116;132;110;214;110;132;346;214;346
set235_color;546;8;0;47.3713;361;104;444;104;361;344;444;344
set235_color;546;8;0;47.3713;133;91;223;91;133;347;223;347
set235_color;547;8;0;44.8401;341;111;419;111;341;337;419;337
set235_color;547;8;0;44.8401;141;102;225;102;141;345;225;345
set235_color;548;8;0;46.5636;144;100;230;100;144;345;230;345
set235_color;548;8;0;46.5636;339;93;427;93;339;346;427;346
set235_color;549;8;0;51.6768;331;94;418;94;331;345;418;345
set235_color;549;8;0;51.6768;149;101;236;101;149;352;236;352
set235_color;550;8;0;55.1402;327;97;410;97;327;337;410;337
set235_color;550;8;0;55.1402;152;91;242;91;152;348;242;348
set235_color;551;8;0;46.121;157;94;247;94;157;351;247;351
set235_color;551;8;0;46.121;319;100;403;100;319;342;403;342
set235_color;552;8;0;47.354;315;96;401;96;315;341;401;341
set235_color;552;8;0;47.354;161;91;251;91;161;350;251;350
set235_color;553;8;0;45.9958;169;92;255;92;169;340;255;340
set235_color;553;8;0;45.9958;310;104;393;104;310;344;393;344
set235_color;554;8;0;44.2167;309;107;391;107;309;342;391;342
set235_color;554;8;0;44.2167;172;88;260;88;172;343;260;343
set235_color;555;8;0;43.9429;302;98;388;98;302;343;388;343
set235_color;555;8;0;43.9429;176;94;264;94;176;347;264;347
set235_color;556;8;0;48.3131;296;100;382;100;296;348;382;348
set235_color;556;8;0;48.3131;180;96;272;96;180;360;272;360
set235_color;556;8;0;48.3131;167;14;276;14;167;327;276;327
set235_color;557;8;0;47.642;289;100;375;100;289;345;375;345
set235_color;557;8;0;47.642;192;74;287;74;192;347;287;347
set235_color;558;8;0;49.5584;284;100;370;100;284;345;370;345
set235_color;558;8;0;49.5584;198;67;294;67;198;342;294;342
set235_color;559;8;0;45.7908;282;106;361;106;282;333;361;333
set235_color;559;8;0;45.7908;205;63;302;63;205;345;302;345
set235_color;560;8;0;44.5648;279;109;356;109;279;330;356;330
set235_color;560;8;0;44.5648;210;66;311;66;210;358;311;358
set235_color;561;8;0;44.0449;227;67;324;67;227;345;324;345
set235_color;562;8;0;43.4528;230;65;329;65;230;348;329;348
set235_color;563;8;0;41.6161;237;66;337;66;237;351;337;351
set235_color;564;8;0;43.8479;240;80;333;80;240;348;333;348
set235_color;565;8;0;42.2556;241;101;325;101;241;344;325;344
set235_color;566;8;0;42.4963;256;79;352;79;256;356;352;356
set235_color;567;8;0;52.3811;305;180;361;180;305;340;361;340
set235_color;567;8;0;52.3811;243;84;339;84;243;359;339;359
set235_color;568;8;0;46.7955;220;97;304;97;220;340;304;340
set235_color;568;8;0;46.7955;286;59;389;59;286;351;389;351
set235_color;569;8;0;49.2465;217;94;301;94;217;336;301;336
set235_color;569;8;0;49.2465;293;54;397;54;293;350;397;350
set235_color;570;8;0;48.5444;306;79;401;79;306;351;401;351
set235_color;570;8;0;48.5444;208;93;295;93;208;345;295;345
set235_color;571;8;0;45.4781;310;55;411;55;310;345;411;345
set235_color;571;8;0;45.4781;206;96;290;96;206;339;290;339
set235_color;572;8;0;45.4951;325;50;426;50;325;341;426;341
set235_color;573;8;0;45.296;334;65;431;65;334;344;431;344
set235_color;575;8;0;39.7202;383;57;486;57;383;351;486;351
set235_color;576;8;0;41.5288;369;35;481;35;369;355;481;355
set235_color;577;8;0;39.4134;166;88;257;88;166;350;257;350
set235_color;577;8;0;39.4134;382;23;497;23;382;353;497;353
set235_color;578;8;0;41.3466;399;49;504;49;399;348;504;348
set235_color;579;8;0;40.5073;401;44;507;44;401;348;507;348
set235_color;580;8;0;38.3903;414;44;520;44;414;347;520;347
set235_color;581;8;0;39.0995;421;59;522;59;421;349;522;349
set235_color;584;8;0;40.7471;500;201;551;201;500;345;551;345
set235_color;585;8;0;47.1891;508;193;560;193;508;342;560;342
set235_color;586;8;0;39.5819;520;182;573;182;520;335;573;335
set235_color;586;8;0;39.5819;493;65;592;65;493;350;592;350
set235_color;587;8;0;42.9136;506;84;599;84;506;353;599;353
set235_color;588;8;0;42.6871;512;91;603;91;512;353;603;353
set235_color;589;8;0;41.9066;523;70;622;70;523;355;622;355
set235_color;589;8;0;41.9066;106;76;215;76;106;387;215;387
set235_color;590;8;0;41.2795;535;80;628;80;535;350;628;350
set235_color;591;8;0;39.8518;116;159;186;159;116;362;186;362
set235_color;593;8;0;39.512;517;101;601;101;517;344;601;344
set235_color;594;8;0;47.8297;487;102;570;102;487;341;570;341
set235_color;636;8;0;48.7662;547;166;625;166;547;392;625;392
set235_color;637;8;0;48.5994;448;276;500;276;448;428;500;428
set235_color;638;8;0;49.9178;553;188;626;188;553;397;626;397
set235_color;640;8;0;38.6395;547;172;622;172;547;389;622;389
set235_color;646;8;0;39.6359;416;72;521;72;416;373;521;373
set235_color;647;8;0;40.804;426;105;518;105;426;370;518;370
set235_color;647;8;0;40.804;257;79;343;79;257;327;343;327
set235_color;650;8;0;37.2938;408;80;513;80;408;380;513;380
set235_color;651;8;0;40.6532;400;78;506;78;400;381;506;381
set235_color;652;8;0;38.995;397;70;498;70;397;361;498;361
set235_color;653;8;0;39.4935;293;109;373;109;293;340;373;340
set235_color;653;8;0;39.4935;387;66;491;66;387;364;491;364
set235_color;654;8;0;40.3807;390;63;489;63;390;344;489;344
set235_color;654;8;0;40.3807;297;100;376;100;297;329;376;329
set235_color;655;8;0;45.3457;412;201;466;201;412;357;466;357
set235_color;655;8;0;45.3457;306;116;379;116;306;326;379;326
set235_color;655;8;0;45.3457;454;156;528;156;454;369;528;369
set235_color;656;8;0;39.6259;317;120;388;120;317;328;388;328
set235_color;657;8;0;54.5095;321;115;396;115;321;332;396;332
set235_color;657;8;0;54.5095;388;16;500;16;388;334;500;334
set235_color;658;8;0;50.8506;326;106;403;106;326;328;403;328
set235_color;658;8;0;50.8506;387;23;496;23;387;336;496;336
set235_color;659;8;0;46.3615;334;96;414;96;334;330;414;330
set235_color;659;8;0;46.3615;393;35;498;35;393;335;498;335
set235_color;660;8;0;53.171;341;115;416;115;341;332;416;332
set235_color;660;8;0;53.171;399;49;499;49;399;336;499;336
set235_color;661;8;0;46.4505;348;98;427;98;348;324;427;324
set235_color;661;8;0;46.4505;396;29;506;29;396;343;506;343
set235_color;662;8;0;49.8353;406;65;506;65;406;353;506;353
set235_color;662;8;0;49.8353;347;118;420;118;347;327;420;327
set235_color;663;8;0;40.8235;405;36;511;36;405;340;511;340
set235_color;664;8;0;36.0214;418;79;509;79;418;338;509;338
set235_color;664;8;0;36.0214;357;98;437;98;357;330;437;330
set235_color;665;8;0;34.6746;410;48;519;48;410;359;519;359
set235_color;666;8;0;36.531;410;44;516;44;410;347;516;347
set235_color;667;8;0;34.5431;412;57;513;57;412;348;513;348
set235_color;668;8;0;33.67;404;53;505;53;404;343;505;343
set235_color;669;8;0;34.1328;412;57;511;57;412;340;511;340
set235_color;670;8;0;34.6962;414;71;506;71;414;336;506;336
set235_color;671;8;0;34.4067;409;68;501;68;409;334;501;334
set235_color;672;8;0;35.3492;405;67;497;67;405;332;497;332
set235_color;673;8;0;42.1124;403;67;494;67;403;329;494;329
set235_color;674;8;0;35.9947;399;72;489;72;399;332;489;332
set235_color;675;8;0;36.4417;392;71;483;71;392;333;483;333
set235_color;676;8;0;36.6007;390;80;477;80;390;329;477;329
set235_color;677;8;0;35.8312;380;91;462;91;380;326;462;326
set235_color;678;8;0;34.2876;370;91;452;91;370;326;452;326
set235_color;679;8;0;36.7841;360;93;442;93;360;329;442;329
set235_color;680;8;0;35.9945;352;91;436;91;352;333;436;333
set235_color;681;8;0;37.913;347;91;430;91;347;331;430;331
set235_color;682;8;0;37.5405;341;93;424;93;341;332;424;332
set235_color;683;8;0;56.3718;335;102;413;102;335;328;413;328
set235_color;684;8;0;47.328;332;114;407;114;332;332;407;332
set235_color;685;8;0;48.5428;325;115;399;115;325;327;399;327
set235_color;686;8;0;38.0783;317;120;391;120;317;332;391;332
set235_color;687;8;0;34.216;313;122;386;122;313;330;386;330
set235_color;688;8;0;37.0639;312;119;385;119;312;328;385;328
set235_color;689;8;0;36.9182;306;124;372;124;306;316;372;316
set235_color;690;8;0;35.6048;297;116;372;116;297;333;372;333
set235_color;691;8;0;37.0272;297;118;371;118;297;332;371;332
set235_color;692;8;0;42.8351;295;119;369;119;295;333;369;333
set235_color;693;8;0;36.2816;293;122;367;122;293;336;367;336
set235_color;694;8;0;36.2854;292;124;365;124;292;333;365;333
set235_color;695;8;0;35.8315;292;127;363;127;292;332;363;332
set235_color;696;8;0;34.5737;292;120;370;120;292;343;370;343
set235_color;697;8;0;36.3343;291;104;375;104;291;346;375;346
set235_color;698;8;0;35.9936;292;115;370;115;292;340;370;340
set235_color;702;8;0;43.7758;318;145;378;145;318;316;378;316
set235_color;703;8;0;35.6716;322;148;382;148;322;319;382;319
set235_color;704;8;0;40.6278;322;145;387;145;322;332;387;332
set235_color;705;8;0;37.5419;325;145;391;145;325;337;391;337
set235_color;706;8;0;37.2219;327;145;393;145;327;336;393;336
set235_color;707;8;0;38.8007;328;148;392;148;328;332;392;332
set235_color;708;8;0;37.3739;330;148;394;148;330;331;394;331
set235_color;709;8;0;36.1287;330;148;395;148;330;336;395;336
set235_color;710;8;0;36.8078;331;150;397;150;331;342;397;342
set235_color;711;8;0;38.5067;336;159;394;159;336;328;394;328
set235_color;712;8;0;40.0404;338;154;395;154;338;319;395;319
set235_color;713;8;0;37.6019;336;156;392;156;336;317;392;317
set235_color;714;8;0;37.3647;334;152;396;152;334;333;396;333
set235_color;715;8;0;38.536;335;153;396;153;335;328;396;328
set235_color;716;8;0;37.9264;335;156;395;156;335;329;395;329
set235_color;717;8;0;37.6855;334;156;398;156;334;338;398;338
set235_color;718;8;0;37.5967;334;158;395;158;334;333;395;333
set235_color;719;8;0;36.3802;334;158;396;158;334;337;396;337
set235_color;720;8;0;37.4588;334;161;394;161;334;335;394;335
set235_color;721;8;0;38.3258;334;161;395;161;334;338;395;338
set235_color;722;8;0;42.431;332;161;394;161;332;339;394;339
set235_color;723;8;0;37.5927;338;166;392;166;338;322;392;322
set235_color;724;8;0;36.7989;340;166;392;166;340;314;392;314
set235_color;728;8;0;34.8532;91;96;170;96;91;326;170;326
set235_color;730;8;0;34.901;332;170;381;170;332;314;381;314
set235_color;731;8;0;36.1208;66;93;150;93;66;337;150;337
set235_color;732;8;0;43.0382;322;170;373;170;322;318;373;318
set235_color;733;8;0;35.335;321;171;372;171;321;318;372;318
set235_color;733;8;0;35.335;42;74;141;74;42;359;141;359
set235_color;734;8;0;35.4253;318;174;367;174;318;316;367;316
set235_color;736;8;0;35.7734;36;67;137;67;36;357;137;357
set235_color;737;8;0;35.0337;33;66;132;66;33;349;132;349
set235_color;738;8;0;35.2552;36;68;133;68;36;349;133;349
set235_color;739;8;0;34.6984;32;68;132;68;32;354;132;354
set235_color;740;8;0;35.5522;27;65;128;65;27;356;128;356
set235_color;741;8;0;36.3119;33;63;141;63;33;371;141;371
set235_color;742;8;0;40.7289;36;70;136;70;36;357;136;357
set235_color;743;8;0;35.8996;48;156;122;156;48;368;122;368
set235_color;744;8;0;46.021;282;167;335;167;282;323;335;323
set235_color;744;8;0;46.021;53;153;122;153;53;350;122;350
set235_color;745;8;0;43.6815;280;167;333;167;280;320;333;320
set235_color;747;8;0;40.9906;269;163;323;163;269;321;323;321
set235_color;750;8;0;34.2099;258;169;314;169;258;329;314;329
set235_color;753;8;0;34.6804;260;170;311;170;260;314;311;314
set235_color;756;8;0;35.0375;258;169;310;169;258;320;310;320
set235_color;757;8;0;35.773;257;162;318;162;257;337;318;337
set235_color;760;8;0;35.202;265;165;319;165;265;323;319;323
set235_color;764;8;0;35.0213;269;169;323;169;269;326;323;326
set235_color;770;8;0;35.0365;561;231;615;231;561;388;615;388
set235_color;770;8;0;35.0365;253;76;344;76;253;338;344;338
set235_color;771;8;0;34.5928;261;106;340;106;261;336;340;336
set235_color;778;8;0;35.0641;291;110;370;110;291;336;370;336
set235_color;781;8;0;44.5837;299;179;350;179;299;324;350;324
set235_color;782;8;0;37.0571;295;149;357;149;295;330;357;330
set235_color;787;8;0;44.4328;309;169;361;169;309;318;361;318
set235_color;788;8;0;36.4515;317;167;368;167;317;314;368;314
set235_color;789;8;0;39.0534;313;169;364;169;313;316;364;316
set235_color;791;8;0;44.9173;315;171;366;171;315;315;366;315
set235_color;792;8;0;41.3123;317;169;368;169;317;316;368;316
set235_color;793;8;0;42.8307;318;169;367;169;318;313;367;313
set235_color;794;8;0;41.5235;318;170;369;170;318;314;369;314
set235_color;795;8;0;35.5872;319;169;372;169;319;324;372;324
set235_color;796;8;0;44.523;321;167;373;167;321;318;373;318
set235_color;797;8;0;36.4257;319;165;375;165;319;327;375;327
set235_color;798;8;0;36.4704;318;158;380;158;318;336;380;336
set235_color;799;8;0;35.8141;322;161;378;161;322;321;378;321
set235_color;800;8;0;36.1833;323;156;379;156;323;317;379;317
set235_color;801;8;0;35.8209;322;153;383;153;322;327;383;327
set235_color;802;8;0;36.1999;325;153;385;153;325;324;385;324
set235_color;803;8;0;36.5226;325;149;390;149;325;335;390;335
set235_color;804;8;0;37.3239;327;152;389;152;327;331;389;331
set235_color;805;8;0;36.743;327;148;393;148;327;339;393;339
set235_color;806;8;0;40.6621;330;152;394;152;330;334;394;334
set235_color;807;8;0;35.6881;331;149;397;149;331;340;397;340
set235_color;808;8;0;35.4778;330;144;400;144;330;345;400;345
set235_color;809;8;0;35.6259;332;149;399;149;332;344;399;344
set235_color;810;8;0;36.5663;332;144;401;144;332;344;401;344
set235_color;811;8;0;37.1553;331;141;402;141;331;345;402;345
set235_color;812;8;0;38.8507;332;139;401;139;332;336;401;336
set235_color;813;8;0;37.2081;332;143;399;143;332;338;399;338
set235_color;814;8;0;37.3379;332;141;398;141;332;333;398;333
set235_color;815;8;0;37.1578;330;141;399;141;330;340;399;340
set235_color;816;8;0;40.3904;328;139;397;139;328;336;397;336
set235_color;817;8;0;36.0045;326;137;395;137;326;336;395;336
set235_color;818;8;0;37.315;325;133;395;133;325;334;395;334
set235_color;819;8;0;37.407;322;133;392;133;322;336;392;336
set235_color;820;8;0;37.8004;321;130;391;130;321;333;391;333
set235_color;821;8;0;37.6548;319;132;389;132;319;333;389;333
set235_color;822;8;0;36.9895;318;133;387;133;318;332;387;332
set235_color;823;8;0;36.6246;313;130;384;130;313;335;384;335
set235_color;824;8;0;37.1135;308;122;381;122;308;331;381;331
set235_color;825;8;0;37.7269;304;120;379;120;304;336;379;336
set235_color;826;8;0;39.9657;297;111;375;111;297;336;375;336
set235_color;827;8;0;37.6574;561;230;614;230;561;383;614;383
set235_color;827;8;0;37.6574;295;110;373;110;295;333;373;333
set235_color;828;8;0;38.5636;292;109;370;109;292;332;370;332
set235_color;828;8;0;38.5636;282;179;377;179;282;452;377;452
set235_color;829;8;0;40.0143;289;109;366;109;289;330;366;330
set235_color;830;8;0;38.979;284;104;363;104;284;331;363;331
set235_color;831;8;0;38.5938;279;106;358;106;279;333;358;333
set235_color;832;8;0;37.6864;274;105;352;105;274;330;352;330
set235_color;833;8;0;41.8577;265;98;347;98;265;334;347;334
set235_color;834;8;0;39.3493;254;92;336;92;254;328;336;328
set235_color;835;8;0;37.1035;248;98;330;98;248;333;330;333
set235_color;836;8;0;36.1916;241;91;324;91;241;331;324;331
set235_color;837;8;0;41.2561;235;94;319;94;235;336;319;336
set235_color;838;8;0;46.3288;230;94;310;94;230;325;310;325
set235_color;839;8;0;46.7571;222;88;306;88;222;330;306;330
set235_color;840;8;0;46.6235;213;76;303;76;213;335;303;335
set235_color;841;8;0;41.4538;202;68;297;68;202;342;297;342
set235_color;842;8;0;38.4074;200;66;295;66;200;338;295;338
set235_color;843;8;0;39.2985;193;80;283;80;193;339;283;339
set235_color;844;8;0;43.9188;180;46;281;46;180;337;281;337
set235_color;845;8;0;41.197;169;45;274;45;169;346;274;346
set235_color;846;8;0;40.3494;154;35;264;35;154;348;264;348
set235_color;847;8;0;39.5279;153;40;258;40;153;340;258;340
set235_color;848;8;0;38.0112;149;45;252;45;149;340;252;340
set235_color;849;8;0;39.8311;105;145;176;145;105;350;176;350
set235_color;849;8;0;39.8311;133;52;236;52;133;346;236;346
set235_color;850;8;0;42.9297;287;107;375;107;287;363;375;363
set235_color;850;8;0;42.9297;119;42;225;42;119;346;225;346
set235_color;851;8;0;36.8878;106;58;207;58;106;348;207;348
set235_color;852;8;0;35.4185;278;110;361;110;278;350;361;350
set235_color;852;8;0;35.4185;89;16;203;16;89;342;203;342
set235_color;853;8;0;39.4512;87;15;200;15;87;339;200;339
set235_color;854;8;0;34.6607;560;223;617;223;560;385;617;385
set235_color;854;8;0;34.6607;71;10;184;10;71;332;184;332
set235_color;855;8;0;35.6544;58;9;170;9;58;327;170;327
set235_color;856;8;0;35.7847;92;36;153;36;92;211;153;211
set235_color;858;8;0;35.7054;18;39;122;39;18;335;122;335
set235_color;868;8;0;41.5143;187;109;265;109;187;332;265;332
set235_color;878;8;0;51.1142;137;85;216;85;137;315;216;315
set235_color;879;8;0;43.2277;127;85;214;85;127;336;214;336
set235_color;880;8;0;42.1592;124;83;208;83;124;326;208;326
set235_color;881;8;0;41.1123;114;68;213;68;114;353;213;353
set235_color;882;8;0;34.4876;109;68;209;68;109;354;209;354
set235_color;883;8;0;35.2286;106;66;203;66;106;347;203;347
set235_color;884;8;0;34.868;105;67;200;67;105;340;200;340
set235_color;885;8;0;34.301;102;62;201;62;102;345;201;345
set235_color;886;8;0;34.3024;102;61;203;61;102;351;203;351
set235_color;887;8;0;33.9869;101;58;206;58;101;357;206;357
set235_color;888;8;0;34.4933;104;54;209;54;104;354;209;354
set235_color;889;8;0;34.5974;102;71;201;71;102;354;201;354
set235_color;890;8;0;34.2397;93;107;183;107;93;368;183;368
set235_color;891;8;0;34.6567;114;161;187;161;114;370;187;370
