set235_color;13;8;0;37.5544;367;123;442;123;367;340;442;340
set235_color;13;8;0;37.5544;33;66;141;66;33;373;141;373
set235_color;21;8;0;45.517;114;81;206;81;114;346;206;346
set235_color;22;8;0;60.8268;116;84;211;84;116;357;211;357
set235_color;25;8;0;38.9704;135;93;225;93;135;352;225;352
set235_color;26;8;0;41.7908;143;100;235;100;143;364;235;364
set235_color;27;8;0;42.0667;149;102;236;102;149;351;236;351
set235_color;28;8;0;42.7869;158;104;244;104;158;352;244;352
set235_color;29;8;0;41.0726;161;107;243;107;161;345;243;345
set235_color;30;8;0;41.6311;165;109;248;109;165;348;248;348
set235_color;31;8;0;48.6442;166;109;250;109;166;352;250;352
set235_color;32;8;0;41.891;169;111;251;111;169;347;251;347
set235_color;33;8;0;45.1216;169;113;251;113;169;351;251;351
set235_color;34;8;0;40.0998;174;118;252;118;174;344;252;344
set235_color;35;8;0;42.4123;174;120;253;120;174;349;253;349
set235_color;36;8;0;42.5466;175;122;255;122;175;353;255;353
set235_color;37;8;0;41.6854;176;123;256;123;176;355;256;355
set235_color;38;8;0;40.1932;178;124;257;124;178;354;257;354
set235_color;39;8;0;41.5473;178;126;256;126;178;352;256;352
set235_color;40;8;0;47.0529;178;126;257;126;178;356;257;356
set235_color;41;8;0;40.9099;179;126;257;126;179;351;257;351
set235_color;42;8;0;40.7294;179;127;256;127;179;348;256;348
set235_color;43;8;0;45.5729;179;128;256;128;179;349;256;349
set235_color;44;8;0;41.9123;179;133;256;133;179;352;256;352
set235_color;45;8;0;41.9512;179;135;253;135;179;349;253;349
set235_color;46;8;0;42.7058;180;139;257;139;180;358;257;358
set235_color;47;8;0;41.7553;180;136;257;136;180;355;257;355
set235_color;48;8;0;41.7879;179;140;256;140;179;359;256;359
set235_color;49;8;0;52.0743;179;140;256;140;179;358;256;358
set235_color;50;8;0;41.0352;178;136;256;136;178;359;256;359
set235_color;51;8;0;41.3204;176;136;254;136;176;359;254;359
set235_color;52;8;0;41.7799;174;139;251;139;174;360;251;360
set235_color;53;8;0;40.1637;175;145;245;145;175;348;245;348
set235_color;54;8;0;38.5644;171;144;245;144;171;357;245;357
set235_color;55;8;0;40.7914;170;149;240;149;170;350;240;350
set235_color;56;8;0;39.1513;169;150;240;150;169;354;240;354
set235_color;57;8;0;39.2797;163;148;236;148;163;358;236;358
set235_color;58;8;0;44.5508;165;154;234;154;165;353;234;353
set235_color;59;8;0;40.0247;165;154;232;154;165;349;232;349
set235_color;60;8;0;39.3663;169;166;227;166;169;334;227;334
set235_color;61;8;0;40.3511;367;120;444;120;367;342;444;342
set235_color;69;8;0;40.6168;169;158;225;158;169;320;225;320
set235_color;70;8;0;39.3583;172;159;226;159;172;315;226;315
set235_color;71;8;0;39.357;172;159;226;159;172;317;226;317
set235_color;72;8;0;40.1315;167;156;234;156;167;351;234;351
set235_color;73;8;0;43.3201;169;150;238;150;169;349;238;349
set235_color;74;8;0;41.8918;167;145;241;145;167;358;241;358
set235_color;75;8;0;40.9769;172;145;243;145;172;349;243;349
set235_color;76;8;0;40.8192;172;144;246;144;172;357;246;357
set235_color;77;8;0;40.8923;174;145;247;145;174;357;247;357
set235_color;78;8;0;47.4001;174;145;248;145;174;358;248;358
set235_color;79;8;0;40.8893;174;140;251;140;174;362;251;362
set235_color;80;8;0;41.6295;176;137;255;137;176;364;255;364
set235_color;81;8;0;41.8284;180;137;258;137;180;362;258;362
set235_color;82;8;0;44.0637;179;133;259;133;179;364;259;364
set235_color;83;8;0;43.5672;180;133;259;133;180;359;259;359
set235_color;84;8;0;44.1066;182;135;260;135;182;361;260;361
set235_color;85;8;0;42.5297;183;135;263;135;183;367;263;367
set235_color;86;8;0;41.196;183;133;262;133;183;360;262;360
set235_color;87;8;0;46.4642;183;131;262;131;183;358;262;358
set235_color;88;8;0;40.821;184;131;263;131;184;360;263;360
set235_color;89;8;0;41.8394;183;128;263;128;183;359;263;359
set235_color;90;8;0;41.7018;183;130;262;130;183;359;262;359
set235_color;91;8;0;41.306;183;132;260;132;183;353;260;353
set235_color;92;8;0;41.5927;182;130;260;130;182;355;260;355
set235_color;93;8;0;46.0256;176;124;256;124;176;356;256;356
set235_color;94;8;0;40.8493;172;123;252;123;172;355;252;355
set235_color;95;8;0;43.4738;171;123;254;123;171;362;254;362
set235_color;96;8;0;47.3267;169;123;251;123;169;359;251;359
set235_color;97;8;0;42.6497;166;122;246;122;166;353;246;353
set235_color;98;8;0;48.5366;163;122;245;122;163;356;245;356
set235_color;99;8;0;49.8215;162;120;244;120;162;355;244;355
set235_color;100;8;0;52.1111;157;118;239;118;157;353;239;353
set235_color;103;8;0;39.54;148;114;228;114;148;346;228;346
set235_color;104;8;0;42.5056;153;115;231;115;153;338;231;338
set235_color;105;8;0;38.7808;152;116;227;116;152;333;227;333
set235_color;106;8;0;37.9182;145;111;232;111;145;362;232;362
set235_color;107;8;0;40.5898;144;111;227;111;144;350;227;350
set235_color;108;8;0;38.3708;145;110;227;110;145;348;227;348
set235_color;109;8;0;38.5159;146;114;230;114;146;356;230;356
set235_color;110;8;0;41.2471;148;111;234;111;148;359;234;359
set235_color;111;8;0;39.0507;153;111;233;111;153;343;233;343
set235_color;112;8;0;39.3575;165;118;238;118;165;327;238;327
set235_color;113;8;0;39.5296;167;118;241;118;167;331;241;331
set235_color;114;8;0;39.2264;172;118;246;118;172;330;246;330
set235_color;115;8;0;49.3228;174;118;251;118;174;337;251;337
set235_color;115;8;0;49.3228;373;126;448;126;373;344;448;344
set235_color;116;8;0;48.4941;182;118;257;118;182;336;257;336
set235_color;116;8;0;48.4941;378;118;455;118;378;340;455;340
set235_color;117;8;0;49.8267;187;115;261;115;187;328;261;328
set235_color;124;8;0;42.7758;235;85;322;85;235;336;322;336
set235_color;125;8;0;51.1038;246;118;323;118;246;337;323;337
set235_color;126;8;0;49.5036;250;120;329;120;250;349;329;349
set235_color;127;8;0;46.942;258;122;333;122;258;338;333;338
set235_color;128;8;0;45.2651;270;115;348;115;270;337;348;337
set235_color;129;8;0;45.2293;274;111;352;111;274;336;352;336
set235_color;130;8;0;43.8228;274;107;358;107;274;349;358;349
set235_color;134;8;0;37.165;296;124;369;124;296;332;369;332
set235_color;135;8;0;35.9576;300;139;370;139;300;340;370;340
set235_color;136;8;0;35.0889;292;145;371;145;292;374;371;374
set235_color;143;8;0;35.4392;370;120;447;120;370;341;447;341
set235_color;176;8;0;34.8009;369;124;444;124;369;341;444;341
set235_color;185;8;0;35.7687;295;36;404;36;295;347;404;347
set235_color;187;8;0;35.2034;377;114;455;114;377;340;455;340
set235_color;189;8;0;40.5197;260;118;335;118;260;334;335;334
set235_color;190;8;0;38.9739;288;100;375;100;288;351;375;351
set235_color;191;8;0;38.0499;252;120;326;120;252;333;326;333
set235_color;192;8;0;41.3268;265;123;339;123;265;335;339;335
set235_color;193;8;0;40.6398;246;111;326;111;246;345;326;345
set235_color;194;8;0;41.6623;239;114;319;114;239;346;319;346
set235_color;195;8;0;44.0744;231;104;315;104;231;346;315;346
set235_color;195;8;0;44.0744;257;200;332;200;257;418;332;418
set235_color;196;8;0;48.6426;227;111;310;111;227;351;310;351
set235_color;197;8;0;43.0991;222;98;305;98;222;338;305;338
set235_color;198;8;0;41.7276;222;113;300;113;222;338;300;338
set235_color;199;8;0;43.0393;210;104;293;104;210;344;293;344
set235_color;200;8;0;42.0057;202;93;292;93;202;352;292;352
set235_color;201;8;0;42.2392;202;96;285;96;202;335;285;335
set235_color;202;8;0;43.6684;195;102;278;102;195;341;278;341
set235_color;202;8;0;43.6684;196;32;292;32;196;310;292;310
set235_color;203;8;0;41.9085;193;101;275;101;193;337;275;337
set235_color;204;8;0;40.972;187;98;271;98;187;341;271;341
set235_color;205;8;0;45.6125;180;98;263;98;180;338;263;338
set235_color;206;8;0;41.4051;175;97;262;97;175;345;262;345
set235_color;207;8;0;37.9225;162;91;252;91;162;350;252;350
set235_color;208;8;0;38.703;154;89;246;89;154;354;246;354
set235_color;211;8;0;38.0863;123;75;223;75;123;363;223;363
set235_color;212;8;0;38.1685;124;84;216;84;124;350;216;350
set235_color;213;8;0;37.1718;114;75;217;75;114;367;217;367
set235_color;214;8;0;36.6569;109;72;213;72;109;368;213;368
set235_color;342;8;0;38.9789;62;61;126;61;62;242;126;242
set235_color;353;8;0;37.2862;116;94;208;94;116;360;208;360
set235_color;358;8;0;40.76;139;189;219;189;139;420;219;420
set235_color;361;8;0;51.4978;2;118;99;118;2;396;99;396
set235_color;367;8;0;41.091;150;192;202;192;150;341;202;341
set235_color;369;8;0;36.6707;97;163;171;163;97;377;171;377
set235_color;376;8;0;41.3011;182;36;287;36;182;337;287;337
set235_color;377;8;0;43.401;188;20;297;20;188;332;297;332
set235_color;378;8;0;43.5341;149;126;233;126;149;370;233;370
set235_color;378;8;0;43.5341;197;19;307;19;197;335;307;335
set235_color;379;8;0;40.8697;159;131;242;131;159;371;242;371
set235_color;379;8;0;40.8697;209;18;314;18;209;319;314;319
set235_color;380;8;0;42.2309;219;14;327;14;219;323;327;323
set235_color;381;8;0;44.6318;144;126;221;126;144;345;221;345
set235_color;381;8;0;44.6318;184;141;272;141;184;394;272;394
set235_color;381;8;0;44.6318;237;20;343;20;237;323;343;323
set235_color;382;8;0;44.033;246;20;352;20;246;323;352;323
set235_color;383;8;0;49.6307;258;20;363;20;258;320;363;320
set235_color;384;8;0;56.4359;140;131;211;131;140;336;211;336
set235_color;384;8;0;56.4359;266;39;371;39;266;339;371;339
set235_color;385;8;0;60.9653;274;42;378;42;274;341;378;341
set235_color;386;8;0;54.9519;276;40;381;40;276;341;381;341
set235_color;387;8;0;55.1571;283;52;384;52;283;343;384;343
set235_color;388;8;0;44.9997;286;59;386;59;286;346;386;346
set235_color;389;8;0;43.9927;289;59;389;59;289;345;389;345
set235_color;390;8;0;44.9182;289;59;389;59;289;347;389;347
set235_color;391;8;0;44.7311;291;62;390;62;291;345;390;345
set235_color;392;8;0;44.7771;287;57;390;57;287;351;390;351
set235_color;392;8;0;44.7771;490;105;573;105;490;343;573;343
set235_color;393;8;0;46.6688;288;59;391;59;288;353;391;353
set235_color;394;8;0;45.8819;291;66;391;66;291;351;391;351
set235_color;395;8;0;46.7101;289;67;386;67;289;348;386;348
set235_color;396;8;0;43.9381;289;65;386;65;289;346;386;346
set235_color;397;8;0;44.5282;292;72;388;72;292;349;388;349
set235_color;398;8;0;45.2335;291;76;387;76;291;350;387;350
set235_color;399;8;0;44.6401;288;74;385;74;288;353;385;353
set235_color;400;8;0;46.1845;289;81;384;81;289;351;384;351
set235_color;401;8;0;45.3347;288;84;380;84;288;349;380;349
set235_color;401;8;0;45.3347;413;54;514;54;413;344;514;344
set235_color;402;8;0;52.8913;287;84;380;84;287;352;380;352
set235_color;403;8;0;46.6172;287;85;379;85;287;349;379;349
set235_color;404;8;0;46.4538;283;78;379;78;283;355;379;355
set235_color;404;8;0;46.4538;380;20;493;20;380;344;493;344
set235_color;405;8;0;45.2234;283;88;375;88;283;353;375;353
set235_color;406;8;0;48.9248;284;93;375;93;284;353;375;353
set235_color;407;8;0;44.6591;283;97;371;97;283;350;371;350
set235_color;408;8;0;48.1156;282;102;370;102;282;354;370;354
set235_color;409;8;0;45.9579;280;105;367;105;280;353;367;353
set235_color;410;8;0;47.7599;280;109;364;109;280;353;364;353
set235_color;411;8;0;47.4977;279;109;363;109;279;353;363;353
set235_color;412;8;0;43.936;279;105;366;105;279;356;366;356
set235_color;413;8;0;44.0643;279;106;363;106;279;349;363;349
set235_color;414;8;0;49.0178;278;107;362;107;278;351;362;351
set235_color;415;8;0;44.6124;279;113;363;113;279;355;363;355
set235_color;416;8;0;44.0619;279;115;363;115;279;357;363;357
set235_color;417;8;0;45.0373;280;118;363;118;280;358;363;358
set235_color;418;8;0;49.0631;280;120;363;120;280;359;363;359
set235_color;419;8;0;62.9162;282;120;365;120;282;358;365;358
set235_color;420;8;0;54.937;282;119;364;119;282;355;364;355
set235_color;421;8;0;48.4468;280;116;364;116;280;360;364;360
set235_color;422;8;0;44.7943;279;120;361;120;279;355;361;355
set235_color;423;8;0;47.0046;279;118;362;118;279;356;362;356
set235_color;423;8;0;47.0046;165;135;235;135;165;338;235;338
set235_color;424;8;0;44.3232;170;133;240;133;170;334;240;334
set235_color;424;8;0;44.3232;278;120;361;120;278;359;361;359
set235_color;425;8;0;41.9019;275;120;357;120;275;355;357;355
set235_color;426;8;0;43.0477;275;128;352;128;275;347;352;347
set235_color;427;8;0;50.9027;273;131;350;131;273;352;350;352
set235_color;428;8;0;43.5402;271;132;345;132;271;346;345;346
set235_color;428;8;0;43.5402;188;127;262;127;188;340;262;340
set235_color;429;8;0;43.7563;269;135;342;135;269;345;342;345
set235_color;429;8;0;43.7563;200;116;279;116;200;342;279;342
set235_color;430;8;0;42.1314;266;136;340;136;266;349;340;349
set235_color;431;8;0;40.9016;265;140;339;140;265;354;339;354
set235_color;432;8;0;41.9305;265;139;339;139;265;351;339;351
set235_color;433;8;0;43.121;263;139;336;139;263;348;336;348
set235_color;433;8;0;43.121;206;115;284;115;206;341;284;341
set235_color;434;8;0;44.6457;263;141;334;141;263;346;334;346
set235_color;435;8;0;41.8084;254;137;329;137;254;354;329;354
set235_color;436;8;0;48.8913;254;141;325;141;254;345;325;345
set235_color;437;8;0;39.2821;252;137;326;137;252;349;326;349
set235_color;438;8;0;41.3629;258;144;328;144;258;347;328;347
set235_color;439;8;0;41.9738;260;145;329;145;260;344;329;344
set235_color;440;8;0;43.4787;261;149;326;149;261;337;326;337
set235_color;441;8;0;41.2288;244;115;327;115;244;355;327;355
set235_color;446;8;0;40.3805;262;114;342;114;262;345;342;345
set235_color;447;8;0;42.5075;263;131;340;131;263;350;340;350
set235_color;448;8;0;44.8708;267;118;345;118;267;343;345;343
set235_color;449;8;0;41.0577;261;144;328;144;261;339;328;339
set235_color;450;8;0;42.2063;258;162;314;162;258;324;314;324
set235_color;451;8;0;44.7492;260;162;318;162;260;330;318;330
set235_color;451;8;0;44.7492;405;40;513;40;405;347;513;347
set235_color;452;8;0;45.2033;257;162;315;162;257;328;315;328
set235_color;452;8;0;45.2033;286;120;364;120;286;345;364;345
set235_color;453;8;0;44.78;258;159;318;159;258;329;318;329
set235_color;453;8;0;44.78;288;111;374;111;288;359;374;359
set235_color;453;8;0;44.78;417;53;518;53;417;343;518;343
set235_color;454;8;0;44.5738;256;154;320;154;256;337;320;337
set235_color;454;8;0;44.5738;297;113;377;113;297;344;377;344
set235_color;455;8;0;51.671;274;139;345;139;274;343;345;343
set235_color;456;8;0;45.7782;282;135;355;135;282;345;355;345
set235_color;457;8;0;48.5728;284;130;358;130;284;342;358;342
set235_color;458;8;0;46.7835;260;153;325;153;260;340;325;340
set235_color;458;8;0;46.7835;314;109;393;109;314;336;393;336
set235_color;459;8;0;46.5364;261;150;328;150;261;345;328;345
set235_color;459;8;0;46.5364;309;111;395;111;309;358;395;358
set235_color;460;8;0;46.4664;286;128;361;128;286;345;361;345
set235_color;461;8;0;50.2249;265;152;335;152;265;355;335;355
set235_color;461;8;0;50.2249;326;104;410;104;326;347;410;347
set235_color;462;8;0;50.3908;299;126;376;126;299;347;376;347
set235_color;463;8;0;52.0636;266;146;339;146;266;355;339;355
set235_color;463;8;0;52.0636;334;110;414;110;334;341;414;341
set235_color;464;8;0;51.6689;270;148;341;148;270;353;341;353
set235_color;464;8;0;51.6689;336;109;415;109;336;339;415;339
set235_color;465;8;0;46.6293;270;152;337;152;270;344;337;344
set235_color;465;8;0;46.6293;351;101;437;101;351;349;437;349
set235_color;466;8;0;45.9373;270;152;336;152;270;343;336;343
set235_color;466;8;0;45.9373;362;100;448;100;362;347;448;347
set235_color;467;8;0;46.3675;269;156;339;156;269;356;339;356
set235_color;467;8;0;46.3675;374;96;464;96;374;353;464;353
set235_color;468;8;0;41.9743;270;159;335;159;270;347;335;347
set235_color;468;8;0;41.9743;375;109;459;109;375;351;459;351
set235_color;469;8;0;44.3225;271;154;333;154;271;332;333;332
set235_color;469;8;0;44.3225;378;109;462;109;378;352;462;352
set235_color;470;8;0;42.2256;275;172;327;172;275;320;327;320
set235_color;470;8;0;42.2256;371;114;449;114;371;337;449;337
set235_color;471;8;0;41.1493;271;120;342;120;271;325;342;325
set235_color;471;8;0;41.1493;373;120;448;120;373;334;448;334
set235_color;472;8;0;41.2304;270;119;343;119;270;327;343;327
set235_color;472;8;0;41.2304;379;113;457;113;379;335;457;335
set235_color;473;8;0;39.2727;269;119;343;119;269;331;343;331
set235_color;473;8;0;39.2727;371;115;448;115;371;334;448;334
set235_color;474;8;0;43.0113;269;169;330;169;269;344;330;344
set235_color;474;8;0;43.0113;379;120;453;120;379;334;453;334
set235_color;475;8;0;41.1101;270;174;322;174;270;323;322;323
set235_color;475;8;0;41.1101;384;119;458;119;384;332;458;332
set235_color;476;8;0;46.681;271;178;320;178;271;320;320;320
set235_color;476;8;0;46.681;386;122;460;122;386;334;460;334
set235_color;477;8;0;49.8443;265;120;335;120;265;323;335;323
set235_color;477;8;0;49.8443;388;127;459;127;388;332;459;332
set235_color;478;8;0;45.5939;265;179;319;179;265;335;319;335
set235_color;478;8;0;45.5939;397;22;511;22;397;347;511;347
set235_color;479;8;0;48.5658;263;161;323;161;263;334;323;334
set235_color;479;8;0;48.5658;383;130;453;130;383;331;453;331
set235_color;480;8;0;44.8172;262;171;315;171;262;326;315;326
set235_color;480;8;0;44.8172;395;27;507;27;395;344;507;344
set235_color;481;8;0;45.8247;261;174;312;174;261;322;312;322
set235_color;483;8;0;39.1156;391;49;499;49;391;358;499;358
set235_color;484;8;0;38.9298;387;87;480;87;387;355;480;355
set235_color;485;8;0;40.0363;391;122;468;122;391;344;468;344
set235_color;487;8;0;40.3708;392;119;467;119;392;335;467;335
set235_color;488;8;0;39.0607;390;67;490;67;390;353;490;353
set235_color;489;8;0;39.2563;231;174;283;174;231;323;283;323
set235_color;489;8;0;39.2563;392;122;466;122;392;334;466;334
set235_color;490;8;0;38.68;228;176;277;176;228;320;277;320
set235_color;492;8;0;38.8773;404;143;473;143;404;340;473;340
set235_color;493;8;0;38.648;401;133;475;133;401;346;475;346
set235_color;503;8;0;37.2059;154;167;207;167;154;320;207;320
set235_color;504;8;0;37.303;393;24;505;24;393;342;505;342
set235_color;522;8;0;36.0179;96;141;167;141;96;346;167;346
set235_color;523;8;0;36.3509;94;139;165;139;94;344;165;344
set235_color;524;8;0;36.3189;92;137;163;137;92;342;163;342
set235_color;525;8;0;35.8712;94;133;165;133;94;338;165;338
set235_color;526;8;0;38.405;94;133;164;133;94;333;164;333
set235_color;527;8;0;35.8957;92;130;166;130;92;343;166;343
set235_color;528;8;0;38.1573;94;136;164;136;94;339;164;339
set235_color;529;8;0;36.726;96;126;173;126;96;348;173;348
set235_color;531;8;0;43.2427;104;127;181;127;104;346;181;346
set235_color;532;8;0;48.9489;110;140;180;140;110;340;180;340
set235_color;532;8;0;48.9489;393;54;505;54;393;372;505;372
set235_color;533;8;0;46.7179;110;131;183;131;110;340;183;340
set235_color;533;8;0;46.7179;397;126;472;126;397;344;472;344
set235_color;534;8;0;45.2778;111;124;184;124;111;333;184;333
set235_color;535;8;0;43.5325;114;130;187;130;114;340;187;340
set235_color;535;8;0;43.5325;396;28;506;28;396;344;506;344
set235_color;536;8;0;43.3214;115;120;192;120;115;339;192;339
set235_color;537;8;0;38.4446;118;116;200;116;118;350;200;350
set235_color;538;8;0;39.1152;116;114;198;114;116;352;198;352
set235_color;538;8;0;39.1152;392;36;500;36;392;343;500;343
set235_color;539;8;0;38.848;118;110;205;110;118;359;205;359
set235_color;539;8;0;38.848;378;111;461;111;378;351;461;351
set235_color;540;8;0;39.8453;119;109;203;109;119;353;203;353
set235_color;540;8;0;39.8453;379;107;461;107;379;343;461;343
set235_color;541;8;0;45.4834;382;126;456;126;382;339;456;339
set235_color;541;8;0;45.4834;118;102;210;102;118;366;210;366
set235_color;542;8;0;40.0443;370;123;444;123;370;336;444;336
set235_color;542;8;0;40.0443;120;106;210;106;120;363;210;363
set235_color;542;8;0;40.0443;405;76;496;76;405;338;496;338
set235_color;543;8;0;39.8165;123;105;211;105;123;361;211;361
set235_color;543;8;0;39.8165;383;98;470;98;383;347;470;347
set235_color;544;8;0;39.6661;130;107;214;107;130;352;214;352
set235_color;544;8;0;39.6661;358;118;435;118;358;339;435;339
set235_color;545;8;0;42.7575;131;101;218;101;131;350;218;350
set235_color;545;8;0;42.7575;349;113;424;113;349;330;424;330
set235_color;546;8;0;43.0157;137;105;221;105;137;348;221;348
set235_color;546;8;0;43.0157;364;102;448;102;364;346;448;346
set235_color;547;8;0;45.0096;141;104;225;104;141;347;225;347
set235_color;547;8;0;45.0096;348;107;430;107;348;342;430;342
set235_color;548;8;0;59.8615;143;101;229;101;143;348;229;348
set235_color;548;8;0;59.8615;340;85;430;85;340;344;430;344
set235_color;549;8;0;61.5853;150;98;237;98;150;350;237;350
set235_color;549;8;0;61.5853;331;98;414;98;331;338;414;338
set235_color;549;8;0;61.5853;410;41;515;41;410;342;515;342
set235_color;550;8;0;55.8612;327;107;409;107;327;342;409;342
set235_color;550;8;0;55.8612;152;96;242;96;152;355;242;355
set235_color;550;8;0;55.8612;392;111;474;111;392;349;474;349
set235_color;551;8;0;56;321;101;404;101;321;340;404;340
set235_color;551;8;0;56;158;84;248;84;158;341;248;341
set235_color;552;8;0;58.3664;315;100;399;100;315;344;399;344
set235_color;552;8;0;58.3664;162;85;252;85;162;345;252;345
set235_color;552;8;0;58.3664;392;70;497;70;392;370;497;370
set235_color;553;8;0;51.1237;170;93;252;93;170;329;252;329
set235_color;553;8;0;51.1237;312;104;396;104;312;347;396;347
set235_color;553;8;0;51.1237;400;55;505;55;400;356;505;356
set235_color;554;8;0;49.8141;309;109;388;109;309;336;388;336
set235_color;554;8;0;49.8141;171;87;261;87;171;346;261;346
set235_color;555;8;0;43.3856;178;92;266;92;178;345;266;345
set235_color;555;8;0;43.3856;304;105;384;105;304;337;384;337
set235_color;556;8;0;55.5751;182;97;269;97;182;349;269;349
set235_color;556;8;0;55.5751;296;102;382;102;296;350;382;350
set235_color;557;8;0;59.2597;289;104;373;104;289;347;373;347
set235_color;557;8;0;59.2597;192;72;287;72;192;346;287;346
set235_color;558;8;0;53.838;283;102;367;102;283;345;367;345
set235_color;558;8;0;53.838;197;70;293;70;197;345;293;345
set235_color;559;8;0;50.8447;205;80;298;80;205;349;298;349
set235_color;559;8;0;50.8447;282;106;361;106;282;335;361;335
set235_color;560;8;0;52.7213;276;106;354;106;276;331;354;331
set235_color;560;8;0;52.7213;214;72;313;72;214;354;313;354
set235_color;561;8;0;43.0505;223;61;324;61;223;349;324;349
set235_color;562;8;0;40.2329;227;55;331;55;227;351;331;351
set235_color;563;8;0;41.2186;237;62;337;62;237;350;337;350
set235_color;563;8;0;41.2186;406;39;514;39;406;346;514;346
set235_color;564;8;0;42.2827;239;75;339;75;239;361;339;361
set235_color;564;8;0;42.2827;397;33;506;33;397;344;506;344
set235_color;565;8;0;42.3113;240;84;333;84;240;353;333;353
set235_color;566;8;0;42.0519;256;75;357;75;256;363;357;363
set235_color;567;8;0;42.4707;252;80;345;80;252;349;345;349
set235_color;568;8;0;44.7079;284;62;384;62;284;348;384;348
set235_color;568;8;0;44.7079;222;100;304;100;222;338;304;338
set235_color;569;8;0;44.33;220;219;300;219;220;451;300;451
set235_color;569;8;0;44.33;213;94;300;94;213;346;300;346
set235_color;569;8;0;44.33;293;57;392;57;293;340;392;340
set235_color;570;8;0;47.7403;306;75;402;75;306;349;402;349
set235_color;570;8;0;47.7403;210;88;298;88;210;343;298;343
set235_color;571;8;0;42.3156;310;57;411;57;310;348;411;348
set235_color;571;8;0;42.3156;197;92;288;92;197;353;288;353
set235_color;572;8;0;42.3945;323;55;419;55;323;330;419;330
set235_color;573;8;0;47.3195;339;49;443;49;339;347;443;347
set235_color;574;8;0;54.1914;377;48;481;48;377;344;481;344
set235_color;576;8;0;43.1063;378;57;481;57;378;349;481;349
set235_color;577;8;0;45.6985;378;24;493;24;378;354;493;354
set235_color;578;8;0;48.9142;400;50;505;50;400;353;505;353
set235_color;579;8;0;39.9931;400;46;508;46;400;354;508;354
set235_color;580;8;0;38.0307;408;44;513;44;408;345;513;345
set235_color;581;8;0;38.198;423;66;522;66;423;349;522;349
set235_color;582;8;0;39.5986;428;66;528;66;428;352;528;352
set235_color;587;8;0;39.7787;508;97;596;97;508;350;596;350
set235_color;588;8;0;41.0763;136;169;205;169;136;368;205;368
set235_color;588;8;0;41.0763;513;80;608;80;513;352;608;352
set235_color;589;8;0;45.4091;123;144;203;144;123;376;203;376
set235_color;589;8;0;45.4091;523;71;622;71;523;354;622;354
set235_color;589;8;0;45.4091;399;36;507;36;399;343;507;343
set235_color;590;8;0;41.3181;126;132;206;132;126;364;206;364
set235_color;590;8;0;41.3181;540;98;626;98;540;346;626;346
set235_color;591;8;0;41.2612;114;165;185;165;114;370;185;370
set235_color;606;8;0;34.1649;560;231;613;231;560;386;613;386
set235_color;610;8;0;34.2426;561;237;612;237;561;385;612;385
set235_color;616;8;0;53.5534;552;184;623;184;552;391;623;391
set235_color;629;8;0;34.0932;460;241;535;241;460;458;535;458
set235_color;636;8;0;39.8388;544;156;626;156;544;391;626;391
set235_color;637;8;0;39.245;552;182;625;182;552;392;625;392
set235_color;637;8;0;39.245;422;165;518;165;422;440;518;440
set235_color;638;8;0;39.3534;546;162;624;162;546;387;624;387
set235_color;642;8;0;37.9514;555;169;632;169;555;391;632;391
set235_color;644;8;0;39.0084;405;122;493;122;405;375;493;375
set235_color;646;8;0;39.3462;556;175;630;175;556;388;630;388
set235_color;646;8;0;39.3462;401;79;505;79;401;375;505;375
set235_color;647;8;0;52.8571;421;91;520;91;421;373;520;373
set235_color;650;8;0;44.5879;560;193;627;193;560;387;627;387
set235_color;651;8;0;40.9618;403;88;504;88;403;376;504;376
set235_color;652;8;0;41.1798;396;83;497;83;396;371;497;371
set235_color;653;8;0;41.0712;293;114;366;114;293;323;366;323
set235_color;653;8;0;41.0712;390;84;489;84;390;367;489;367
set235_color;654;8;0;41.6193;390;74;487;74;390;353;487;353
set235_color;654;8;0;41.6193;293;96;379;96;293;343;379;343
set235_color;655;8;0;42.9473;302;104;381;104;302;330;381;330
set235_color;655;8;0;42.9473;395;84;490;84;395;356;490;356
set235_color;655;8;0;42.9473;461;161;532;161;461;366;532;366
set235_color;656;8;0;42.8663;319;107;390;107;319;314;390;314
set235_color;657;8;0;40.304;321;102;399;102;321;328;399;328
set235_color;658;8;0;41.2959;325;109;400;109;325;327;400;327
set235_color;658;8;0;41.2959;393;50;494;50;393;341;494;341
set235_color;659;8;0;43.6349;392;33;497;33;392;334;497;334
set235_color;660;8;0;54.7694;339;115;414;115;339;333;414;333
set235_color;660;8;0;54.7694;397;35;500;35;397;327;500;327
set235_color;661;8;0;45.0259;345;113;419;113;345;325;419;325
set235_color;661;8;0;45.0259;396;32;504;32;396;340;504;340
set235_color;662;8;0;44.9532;406;62;509;62;406;356;509;356
set235_color;662;8;0;44.9532;347;106;427;106;347;338;427;338
set235_color;663;8;0;45.2506;404;32;516;32;404;350;516;350
set235_color;664;8;0;45.937;414;59;514;59;414;345;514;345
set235_color;665;8;0;35.475;360;105;438;105;360;331;438;331
set235_color;665;8;0;35.475;412;32;521;32;412;343;521;343
set235_color;666;8;0;35.9755;410;49;516;49;410;353;516;353
set235_color;667;8;0;36.7178;371;111;444;111;371;321;444;321
set235_color;667;8;0;36.7178;410;55;511;55;410;345;511;345
set235_color;668;8;0;36.7497;406;54;506;54;406;340;506;340
set235_color;669;8;0;45.8069;412;63;507;63;412;336;507;336
set235_color;670;8;0;41.6624;410;63;506;63;410;340;506;340
set235_color;671;8;0;41.84;410;67;501;67;410;329;501;329
set235_color;672;8;0;40.3502;406;66;497;66;406;327;497;327
set235_color;673;8;0;41.9289;404;66;496;66;404;330;496;330
set235_color;674;8;0;36.2282;399;74;489;74;399;331;489;331
set235_color;675;8;0;35.7144;392;75;483;75;392;336;483;336
set235_color;676;8;0;35.6912;390;84;476;84;390;329;476;329
set235_color;677;8;0;36.4605;378;88;462;88;378;330;462;330
set235_color;678;8;0;43.4135;370;92;452;92;370;327;452;327
set235_color;679;8;0;36.7434;360;91;443;91;360;333;443;333
set235_color;680;8;0;37.22;560;208;621;208;560;385;621;385
set235_color;680;8;0;37.22;351;85;438;85;351;334;438;334
set235_color;681;8;0;36.1728;347;92;429;92;347;330;429;330
set235_color;682;8;0;47.5533;340;100;422;100;340;335;422;335
set235_color;683;8;0;45.1382;335;101;414;101;335;330;414;330
set235_color;684;8;0;49.2715;330;113;407;113;330;335;407;335
set235_color;685;8;0;44.5755;325;111;403;111;325;334;403;334
set235_color;686;8;0;36.6808;317;123;388;123;317;330;388;330
set235_color;687;8;0;41.8056;314;122;385;122;314;329;385;329
set235_color;688;8;0;37.8936;309;119;383;119;309;331;383;331
set235_color;689;8;0;37.7023;309;124;379;124;309;327;379;327
set235_color;690;8;0;39.4004;301;116;376;116;301;332;376;332
set235_color;691;8;0;36.7003;297;115;372;115;297;332;372;332
set235_color;692;8;0;37.8845;296;120;370;120;296;333;370;333
set235_color;693;8;0;38.0972;293;119;368;119;293;337;368;337
set235_color;694;8;0;37.8143;292;126;365;126;292;336;365;336
set235_color;695;8;0;39.0699;293;128;364;128;293;332;364;332
set235_color;696;8;0;40.1194;561;213;622;213;561;388;622;388
set235_color;696;8;0;40.1194;289;126;364;126;289;344;364;344
set235_color;697;8;0;46.0679;293;123;366;123;293;333;366;333
set235_color;698;8;0;46.1702;293;119;366;119;293;328;366;328
set235_color;703;8;0;37.7895;322;146;380;146;322;316;380;316
set235_color;704;8;0;37.6786;323;145;384;145;323;319;384;319
set235_color;705;8;0;58.611;325;143;392;143;325;335;392;335
set235_color;706;8;0;50.8911;326;145;392;145;326;336;392;336
set235_color;707;8;0;52.7402;328;146;393;146;328;333;393;333
set235_color;708;8;0;48.6594;331;153;392;153;331;330;392;330
set235_color;709;8;0;49.908;331;148;396;148;331;335;396;335
set235_color;710;8;0;41.6024;334;154;395;154;334;331;395;331
set235_color;711;8;0;39.7947;335;156;396;156;335;331;396;331
set235_color;712;8;0;40.7099;335;156;393;156;335;324;393;324
set235_color;712;8;0;40.7099;560;215;620;215;560;388;620;388
set235_color;713;8;0;44.3539;334;154;394;154;334;327;394;327
set235_color;714;8;0;39.8897;335;153;397;153;335;332;397;332
set235_color;715;8;0;39.8209;334;153;395;153;334;328;395;328
set235_color;716;8;0;40.9866;335;156;395;156;335;329;395;329
set235_color;717;8;0;38.7;332;154;397;154;332;340;397;340
set235_color;718;8;0;40.8015;334;156;396;156;334;334;396;334
set235_color;719;8;0;38.9383;332;158;394;158;332;337;394;337
set235_color;720;8;0;39.0872;334;158;395;158;334;332;395;332
set235_color;721;8;0;42.0224;336;162;392;162;336;322;392;322
set235_color;722;8;0;45.687;335;163;392;163;335;329;392;329
set235_color;722;8;0;45.687;137;167;212;167;137;384;212;384
set235_color;723;8;0;41.9942;335;163;396;163;335;337;396;337
set235_color;724;8;0;37.3493;336;163;394;163;336;329;394;329
set235_color;727;8;0;37.0915;339;170;388;170;339;312;388;312
set235_color;730;8;0;37.3653;334;169;385;169;334;316;385;316
set235_color;731;8;0;41.7604;327;165;378;165;327;313;378;313
set235_color;731;8;0;41.7604;55;80;147;80;55;346;147;346
set235_color;732;8;0;40.1857;322;170;373;170;322;317;373;317
set235_color;732;8;0;40.1857;52;80;145;80;52;349;145;349
set235_color;733;8;0;40.1144;321;169;372;169;321;313;372;313
set235_color;733;8;0;40.1144;49;83;140;83;49;347;140;347
set235_color;734;8;0;37.552;318;172;367;172;318;314;367;314
set235_color;734;8;0;37.552;44;83;135;83;44;345;135;345
set235_color;736;8;0;37.3121;33;66;133;66;33;353;133;353
set235_color;737;8;0;37.4646;561;214;621;214;561;387;621;387
set235_color;737;8;0;37.4646;29;72;134;72;29;373;134;373
set235_color;738;8;0;36.8073;35;65;134;65;35;347;134;347
set235_color;739;8;0;38.5253;33;70;129;70;33;347;129;347
set235_color;740;8;0;38.8221;561;232;615;232;561;389;615;389
set235_color;740;8;0;38.8221;33;65;132;65;33;350;132;350
set235_color;741;8;0;40.4405;562;235;615;235;562;388;615;388
set235_color;741;8;0;40.4405;32;63;140;63;32;372;140;372
set235_color;742;8;0;36.9003;33;65;139;65;33;370;139;370
set235_color;743;8;0;38.4032;283;169;335;169;283;318;335;318
set235_color;744;8;0;37.0623;282;171;335;171;282;327;335;327
set235_color;745;8;0;38.3217;280;141;344;141;280;323;344;323
set235_color;747;8;0;35.2756;270;163;326;163;270;324;326;324
set235_color;747;8;0;35.2756;557;210;621;210;557;393;621;393
set235_color;748;8;0;38.5984;274;175;325;175;274;322;325;322
set235_color;749;8;0;38.2601;262;174;313;174;262;322;313;322
set235_color;751;8;0;36.3984;260;167;312;167;260;318;312;318
set235_color;753;8;0;35.3331;261;169;313;169;261;318;313;318
set235_color;754;8;0;36.6921;258;166;310;166;258;315;310;315
set235_color;755;8;0;36.8302;257;166;311;166;257;323;311;323
set235_color;756;8;0;36.7755;258;165;311;165;258;317;311;317
set235_color;757;8;0;37.0825;262;166;315;166;262;319;315;319
set235_color;759;8;0;39.7493;561;233;613;233;561;384;613;384
set235_color;762;8;0;36.8933;269;166;323;166;269;322;323;322
set235_color;767;8;0;39.3503;243;81;333;81;243;340;333;340
set235_color;768;8;0;38.4444;276;171;333;171;276;336;333;336
set235_color;769;8;0;37.4836;246;81;333;81;246;334;333;334
set235_color;770;8;0;39.787;562;236;614;236;562;387;614;387
set235_color;770;8;0;39.787;252;89;336;89;252;332;336;332
set235_color;771;8;0;56.0368;256;119;339;119;256;358;339;358
set235_color;772;8;0;48.4167;263;153;340;153;263;375;340;375
set235_color;779;8;0;40.2311;287;140;354;140;287;334;354;334
set235_color;781;8;0;40.715;296;158;356;158;296;329;356;329
set235_color;782;8;0;39.1807;299;169;353;169;299;326;353;326
set235_color;782;8;0;39.1807;561;235;613;235;561;386;613;386
set235_color;783;8;0;39.8194;304;171;358;171;304;328;358;328
set235_color;787;8;0;38.5763;562;230;616;230;562;387;616;387
set235_color;787;8;0;38.5763;308;166;364;166;308;328;364;328
set235_color;788;8;0;40.689;313;166;367;166;313;324;367;324
set235_color;789;8;0;37.8449;315;170;364;170;315;314;364;314
set235_color;791;8;0;38.6967;315;172;364;172;315;314;364;314
set235_color;792;8;0;37.226;317;170;368;170;317;318;368;318
set235_color;793;8;0;37.4479;317;169;371;169;317;325;371;325
set235_color;794;8;0;38.1191;318;166;371;166;318;319;371;319
set235_color;794;8;0;38.1191;383;91;488;91;383;392;488;392
set235_color;795;8;0;38.5352;317;166;374;166;317;331;374;331
set235_color;796;8;0;37.8443;317;163;375;163;317;329;375;329
set235_color;797;8;0;38.4265;321;163;375;163;321;319;375;319
set235_color;798;8;0;38.467;318;159;380;159;318;338;380;338
set235_color;799;8;0;39.1542;322;161;375;161;322;316;375;316
set235_color;800;8;0;41.2302;322;157;383;157;322;335;383;335
set235_color;801;8;0;38.4498;321;153;386;153;321;340;386;340
set235_color;802;8;0;39.0002;323;149;387;149;323;332;387;332
set235_color;803;8;0;41.1616;325;149;390;149;325;335;390;335
set235_color;804;8;0;39.7706;326;150;390;150;326;333;390;333
set235_color;805;8;0;37.5099;327;149;392;149;327;336;392;336
set235_color;806;8;0;38.5807;328;149;393;149;328;336;393;336
set235_color;807;8;0;38.885;330;148;396;148;330;339;396;339
set235_color;808;8;0;38.9123;331;149;398;149;331;343;398;343
set235_color;809;8;0;41.1891;331;144;402;144;331;348;402;348
set235_color;810;8;0;38.37;332;144;401;144;332;343;401;343
set235_color;811;8;0;40.8846;331;141;401;141;331;341;401;341
set235_color;812;8;0;39.6856;332;141;401;141;332;340;401;340
set235_color;813;8;0;40.5877;332;143;399;143;332;338;399;338
set235_color;814;8;0;37.9002;332;143;399;143;332;337;399;337
set235_color;815;8;0;41.4443;330;140;399;140;330;340;399;340
set235_color;816;8;0;38.1085;327;135;397;135;327;338;397;338
set235_color;817;8;0;40.2727;327;140;396;140;327;339;396;339
set235_color;818;8;0;39.8469;325;135;395;135;325;336;395;336
set235_color;819;8;0;39.6026;322;139;391;139;322;339;391;339
set235_color;820;8;0;42.893;321;130;391;130;321;331;391;331
set235_color;821;8;0;39.5916;318;130;389;130;318;337;389;337
set235_color;821;8;0;39.5916;477;193;535;193;477;362;535;362
set235_color;822;8;0;41.776;317;133;386;133;317;332;386;332
set235_color;823;8;0;39.8465;314;133;383;133;314;333;383;333
set235_color;824;8;0;38.8372;306;116;383;116;306;335;383;335
set235_color;825;8;0;40.8248;301;114;379;114;301;337;379;337
set235_color;826;8;0;41.3815;297;115;374;115;297;337;374;337
set235_color;827;8;0;49.5243;295;109;373;109;295;332;373;332
set235_color;828;8;0;46.2445;292;106;371;106;292;336;371;336
set235_color;828;8;0;46.2445;457;170;530;170;457;379;530;379
set235_color;829;8;0;43.7635;287;104;366;104;287;333;366;333
set235_color;830;8;0;42.2952;283;100;365;100;283;334;365;334
set235_color;831;8;0;41.8504;280;107;359;107;280;333;359;333
set235_color;832;8;0;40.8111;271;98;353;98;271;332;353;332
set235_color;833;8;0;42.6744;263;97;346;97;263;336;346;336
set235_color;834;8;0;40.1248;256;94;339;94;256;332;339;332
set235_color;835;8;0;40.2228;248;94;331;94;248;334;331;334
set235_color;836;8;0;45.1152;240;91;324;91;240;334;324;334
set235_color;837;8;0;38.2047;233;91;320;91;233;342;320;342
set235_color;838;8;0;40.2741;228;93;310;93;228;328;310;328
set235_color;839;8;0;40.0512;220;84;306;84;220;331;306;331
set235_color;840;8;0;41.6;211;79;301;79;211;335;301;335
set235_color;841;8;0;40.4057;204;68;297;68;204;338;297;338
set235_color;842;8;0;41.4332;198;63;294;63;198;338;294;338
set235_color;843;8;0;42.6945;191;63;287;63;191;338;287;338
set235_color;844;8;0;40.3448;182;50;281;50;182;333;281;333
set235_color;845;8;0;49.8521;171;52;274;52;171;346;274;346
set235_color;846;8;0;42.269;158;40;264;40;158;344;264;344
set235_color;847;8;0;39.8735;152;35;260;35;152;344;260;344
set235_color;848;8;0;42.2058;149;54;249;54;149;342;249;342
set235_color;849;8;0;43.2203;133;29;245;29;133;346;245;346
set235_color;850;8;0;40.8007;284;111;366;111;284;347;366;347
set235_color;850;8;0;40.8007;124;42;230;42;124;346;230;346
set235_color;851;8;0;38.8854;106;63;207;63;106;353;207;353
set235_color;852;8;0;38.3892;100;75;195;75;100;348;195;348
set235_color;853;8;0;37.168;553;175;627;175;553;389;627;389
set235_color;853;8;0;37.168;84;10;199;10;84;340;199;340
set235_color;854;8;0;42.0163;70;11;185;11;70;341;185;341
set235_color;856;8;0;37.0013;97;41;150;41;97;194;150;194
set235_color;856;8;0;37.0013;560;224;617;224;560;388;617;388
set235_color;858;8;0;39.6758;20;49;119;49;20;331;119;331
set235_color;860;8;0;36.5246;10;193;64;193;10;350;64;350
set235_color;860;8;0;36.5246;560;215;620;215;560;388;620;388
set235_color;863;8;0;36.121;553;165;630;165;553;387;630;387
set235_color;867;8;0;37.4456;561;230;617;230;561;388;617;388
set235_color;867;8;0;37.4456;187;105;266;105;187;332;266;332
set235_color;868;8;0;36.6512;184;101;266;101;184;337;266;337
set235_color;876;8;0;36.9057;557;201;622;201;557;387;622;387
set235_color;879;8;0;36.6222;130;87;216;87;130;335;216;335
set235_color;880;8;0;39.5117;126;85;210;85;126;329;210;329
set235_color;881;8;0;37.3492;114;71;211;71;114;349;211;349
set235_color;882;8;0;36.3426;107;66;210;66;107;361;210;361
set235_color;883;8;0;37.2129;101;61;204;61;101;356;204;356
set235_color;884;8;0;36.0312;101;61;204;61;101;355;204;355
set235_color;885;8;0;37.2638;101;57;206;57;101;357;206;357
set235_color;886;8;0;35.6922;100;57;203;57;100;352;203;352
set235_color;887;8;0;37.704;100;58;201;58;100;349;201;349
set235_color;889;8;0;46.0909;560;210;622;210;560;389;622;389
