set235_color;10;8;0;31.1955;27;51;138;51;27;371;138;371
set235_color;12;8;0;30.9663;30;66;137;66;30;371;137;371
set235_color;13;8;0;32.4911;40;76;139;76;40;360;139;360
set235_color;17;8;0;30.9534;88;72;186;72;88;354;186;354
set235_color;18;8;0;32.1212;94;73;192;73;94;354;192;354
set235_color;19;8;0;32.6612;102;75;198;75;102;351;198;351
set235_color;20;8;0;33.0412;108;79;201;79;108;349;201;349
set235_color;21;8;0;33.9897;112;82;205;82;112;349;205;349
set235_color;22;8;0;33.6921;120;87;213;87;120;354;213;354
set235_color;23;8;0;31.1449;126;88;216;88;126;346;216;346
set235_color;24;8;0;33.1597;135;93;224;93;135;350;224;350
set235_color;25;8;0;31.7541;135;94;221;94;135;340;221;340
set235_color;26;8;0;34.079;139;99;234;99;139;369;234;369
set235_color;27;8;0;36.2476;148;99;238;99;148;359;238;359
set235_color;28;8;0;34.8226;157;103;244;103;157;355;244;355
set235_color;29;8;0;34.0263;159;105;246;105;159;356;246;356
set235_color;30;8;0;34.0521;163;105;252;105;163;360;252;360
set235_color;31;8;0;36.1798;165;108;252;108;165;359;252;359
set235_color;32;8;0;35.85;166;108;253;108;166;357;253;357
set235_color;33;8;0;33.4626;169;108;253;108;169;348;253;348
set235_color;34;8;0;34.6736;174;117;257;117;174;354;257;354
set235_color;35;8;0;33.4814;174;118;255;118;174;351;255;351
set235_color;36;8;0;35.2066;177;124;258;124;177;358;258;358
set235_color;37;8;0;33.1385;177;126;258;126;177;362;258;362
set235_color;38;8;0;35.5519;175;121;259;121;175;363;259;363
set235_color;39;8;0;35.1555;175;123;261;123;175;368;261;368
set235_color;40;8;0;35.3395;181;133;258;133;181;354;258;354
set235_color;41;8;0;33.7075;180;130;260;130;180;360;260;360
set235_color;42;8;0;34.774;177;124;260;124;177;363;260;363
set235_color;43;8;0;34.8107;177;127;258;127;177;361;258;361
set235_color;44;8;0;33.5578;178;135;255;135;178;354;255;354
set235_color;45;8;0;34.9871;178;133;259;133;178;364;259;364
set235_color;46;8;0;43.761;178;132;259;132;178;365;259;365
set235_color;46;8;0;43.761;364;54;469;54;364;357;469;357
set235_color;47;8;0;33.9731;180;133;260;133;180;363;260;363
set235_color;48;8;0;37.0795;178;136;256;136;178;361;256;361
set235_color;49;8;0;34.2156;177;138;257;138;177;366;257;366
set235_color;50;8;0;35.187;178;136;255;136;178;358;255;358
set235_color;51;8;0;35.562;177;141;254;141;177;362;254;362
set235_color;52;8;0;33.8196;174;139;252;139;174;364;252;364
set235_color;53;8;0;33.8471;174;142;246;142;174;352;246;352
set235_color;54;8;0;33.1503;171;144;245;144;171;356;245;356
set235_color;55;8;0;33.5119;168;147;245;147;168;366;245;366
set235_color;56;8;0;32.6226;168;148;239;148;168;351;239;351
set235_color;57;8;0;33.7682;166;150;235;150;166;351;235;351
set235_color;58;8;0;31.8189;168;154;234;154;168;345;234;345
set235_color;59;8;0;34.4077;166;159;232;159;166;348;232;348
set235_color;60;8;0;32.481;160;150;246;150;160;395;246;395
set235_color;62;8;0;33.1452;169;132;255;132;169;380;255;380
set235_color;67;8;0;32.8163;169;166;223;166;169;321;223;321
set235_color;69;8;0;32.8536;169;159;226;159;169;324;226;324
set235_color;70;8;0;31.8998;171;157;230;157;171;325;230;325
set235_color;71;8;0;33.5687;172;163;228;163;172;321;228;321
set235_color;72;8;0;33.6926;166;151;234;151;166;346;234;346
set235_color;73;8;0;32.9467;166;151;238;151;166;358;238;358
set235_color;74;8;0;34.3892;165;145;243;145;165;372;243;372
set235_color;75;8;0;34.3963;169;142;244;142;169;360;244;360
set235_color;76;8;0;33.4211;171;144;246;144;171;362;246;362
set235_color;77;8;0;35.167;171;142;248;142;171;364;248;364
set235_color;78;8;0;32.9539;172;139;249;139;172;358;249;358
set235_color;79;8;0;35.0183;174;139;252;139;174;364;252;364
set235_color;80;8;0;35.1512;175;133;258;133;175;372;258;372
set235_color;81;8;0;37.0632;178;132;259;132;178;366;259;366
set235_color;82;8;0;33.8478;180;133;261;133;180;366;261;366
set235_color;83;8;0;34.7544;178;132;261;132;178;369;261;369
set235_color;84;8;0;34.45;183;132;264;132;183;366;264;366
set235_color;85;8;0;34.8417;181;130;262;130;181;366;262;366
set235_color;86;8;0;41.2465;181;127;265;127;181;370;265;370
set235_color;87;8;0;35.0073;181;129;265;129;181;372;265;372
set235_color;87;8;0;35.0073;220;55;330;55;220;372;330;372
set235_color;88;8;0;34.9406;184;133;264;133;184;364;264;364
set235_color;89;8;0;34.8302;184;124;270;124;184;369;270;369
set235_color;90;8;0;34.267;181;127;265;127;181;372;265;372
set235_color;91;8;0;34.8317;181;123;267;123;181;368;267;368
set235_color;92;8;0;33.3225;177;124;263;124;177;372;263;372
set235_color;93;8;0;33.105;174;120;261;120;174;372;261;372
set235_color;94;8;0;33.4372;175;126;255;126;175;353;255;353
set235_color;95;8;0;33.2932;171;121;254;121;171;360;254;360
set235_color;96;8;0;33.5781;166;120;255;120;166;375;255;375
set235_color;97;8;0;32.6796;165;123;251;123;165;368;251;368
set235_color;98;8;0;34.4916;162;120;246;120;162;363;246;363
set235_color;99;8;0;32.3388;159;117;246;117;159;368;246;368
set235_color;100;8;0;32.9556;154;118;240;118;154;366;240;366
set235_color;102;8;0;33.5891;150;117;233;117;150;354;233;354
set235_color;104;8;0;33.1689;141;112;227;112;141;360;227;360
set235_color;105;8;0;33.4602;145;112;231;112;145;360;231;360
set235_color;106;8;0;37.3355;144;111;233;111;144;365;233;365
set235_color;107;8;0;31.8973;142;114;228;114;142;360;228;360
set235_color;108;8;0;32.3488;144;114;228;114;144;356;228;356
set235_color;109;8;0;32.9234;145;111;231;111;145;356;231;356
set235_color;110;8;0;33.4506;144;109;228;109;144;352;228;352
set235_color;111;8;0;33.2943;153;108;239;108;153;354;239;354
set235_color;112;8;0;32.3878;159;112;243;112;159;354;243;354
set235_color;113;8;0;35.2489;163;115;246;115;163;351;246;351
set235_color;114;8;0;34.2824;168;111;251;111;168;350;251;350
set235_color;115;8;0;34.1395;172;115;253;115;172;349;253;349
set235_color;116;8;0;32.8811;180;112;261;112;180;346;261;346
set235_color;117;8;0;33.5686;177;112;270;112;177;379;270;379
set235_color;121;8;0;35.0266;205;115;291;115;205;363;291;363
set235_color;121;8;0;35.0266;208;40;312;40;208;339;312;339
set235_color;122;8;0;34.8365;204;54;308;54;204;351;308;351
set235_color;123;8;0;35.9428;205;57;303;57;205;338;303;338
set235_color;124;8;0;36.3158;223;79;324;79;223;369;324;369
set235_color;125;8;0;34.9257;241;120;325;120;241;360;325;360
set235_color;126;8;0;43.0966;256;115;342;115;256;363;342;363
set235_color;127;8;0;32.8285;261;114;345;114;261;357;345;357
set235_color;128;8;0;32.9006;261;115;353;115;261;381;353;381
set235_color;129;8;0;30.4939;273;111;362;111;273;366;362;366
set235_color;130;8;0;32.2761;274;108;366;108;274;372;366;372
set235_color;131;8;0;31.2443;273;106;366;106;273;375;366;375
set235_color;133;8;0;30.6886;285;102;374;102;285;357;374;357
set235_color;189;8;0;32.0245;294;112;374;112;294;342;374;342
set235_color;190;8;0;37.6679;282;106;372;106;282;366;372;366
set235_color;191;8;0;32.1805;280;114;361;114;280;345;361;345
set235_color;191;8;0;32.1805;250;21;367;21;250;356;367;356
set235_color;192;8;0;33.4708;258;109;348;109;258;367;348;367
set235_color;192;8;0;33.4708;241;4;361;4;241;348;361;348
set235_color;193;8;0;34.5436;244;112;325;112;244;346;325;346
set235_color;193;8;0;34.5436;232;4;351;4;232;343;351;343
set235_color;194;8;0;35.5811;237;99;324;99;237;351;324;351
set235_color;195;8;0;38.0648;231;111;317;111;231;357;317;357
set235_color;195;8;0;38.0648;229;24;339;24;229;336;339;336
set235_color;196;8;0;37.5786;225;109;312;109;225;358;312;358
set235_color;196;8;0;37.5786;229;19;339;19;229;333;339;333
set235_color;197;8;0;37.6721;219;87;311;87;219;351;311;351
set235_color;198;8;0;38.9822;216;97;306;97;216;357;306;357
set235_color;199;8;0;34.7696;211;103;298;103;211;355;298;355
set235_color;199;8;0;34.7696;201;27;309;27;201;339;309;339
set235_color;200;8;0;37.4671;202;97;294;97;202;360;294;360
set235_color;201;8;0;35.4614;198;93;288;93;198;351;288;351
set235_color;202;8;0;36.7916;195;84;285;84;195;342;285;342
set235_color;203;8;0;37.8533;193;93;280;93;193;345;280;345
set235_color;204;8;0;36.6423;184;90;276;90;184;353;276;353
set235_color;205;8;0;34.6139;178;93;267;93;178;347;267;347
set235_color;206;8;0;34.3772;171;94;258;94;171;345;258;345
set235_color;207;8;0;33.5402;162;93;251;93;162;348;251;348
set235_color;208;8;0;33.5375;154;90;244;90;154;351;244;351
set235_color;209;8;0;41.678;142;82;240;82;142;363;240;363
set235_color;210;8;0;33.1466;139;84;234;84;139;359;234;359
set235_color;211;8;0;32.4683;129;78;227;78;129;360;227;360
set235_color;212;8;0;32.7514;126;81;222;81;126;360;222;360
set235_color;213;8;0;33.6475;120;75;221;75;120;366;221;366
set235_color;214;8;0;31.7916;112;76;208;76;112;355;208;355
set235_color;224;8;0;30.8855;42;103;126;103;42;345;126;345
set235_color;353;8;0;31.9699;121;72;217;72;121;350;217;350
set235_color;354;8;0;32.6298;124;73;219;73;124;346;219;346
set235_color;355;8;0;33.0446;126;75;222;75;126;351;222;351
set235_color;370;8;0;32.3477;52;75;162;75;52;390;162;390
set235_color;374;8;0;30.6667;144;186;212;186;144;381;212;381
set235_color;374;8;0;30.6667;168;73;273;73;168;376;273;376
set235_color;375;8;0;33.0434;187;112;277;112;187;373;277;373
set235_color;376;8;0;34.6029;183;27;291;27;183;339;291;339
set235_color;377;8;0;33.841;190;19;301;19;190;339;301;339
set235_color;378;8;0;33.5461;195;19;303;19;195;330;303;330
set235_color;378;8;0;33.5461;151;126;237;126;151;372;237;372
set235_color;379;8;0;44.2138;207;22;314;22;207;330;314;330
set235_color;379;8;0;44.2138;135;112;227;112;135;378;227;378
set235_color;380;8;0;35.8299;220;21;330;21;220;335;330;335
set235_color;381;8;0;37.9739;142;123;222;123;142;351;222;351
set235_color;381;8;0;37.9739;237;22;345;22;237;334;345;334
set235_color;382;8;0;39.3727;249;27;354;27;249;329;354;329
set235_color;383;8;0;37.815;256;21;364;21;256;332;364;332
set235_color;384;8;0;40.7164;262;28;372;28;262;342;372;342
set235_color;385;8;0;38.7804;271;33;381;33;271;347;381;347
set235_color;386;8;0;38.5294;276;42;383;42;276;348;383;348
set235_color;387;8;0;37.3119;280;46;385;46;280;346;385;346
set235_color;388;8;0;39.7151;285;55;389;55;285;351;389;351
set235_color;389;8;0;38.0789;288;60;389;60;288;351;389;351
set235_color;390;8;0;39.8385;289;61;391;61;289;355;391;355
set235_color;391;8;0;40.9178;289;55;391;55;289;349;391;349
set235_color;392;8;0;38.2396;288;52;393;52;288;352;393;352
set235_color;393;8;0;39.1508;288;55;392;55;288;354;392;354
set235_color;394;8;0;37.0902;291;64;393;64;291;355;393;355
set235_color;395;8;0;37.166;291;69;390;69;291;354;390;354
set235_color;396;8;0;36.4375;289;64;390;64;289;352;390;352
set235_color;397;8;0;37.7133;291;67;390;67;291;351;390;351
set235_color;398;8;0;39.2698;289;67;388;67;289;354;388;354
set235_color;399;8;0;36.9991;288;73;389;73;288;360;389;360
set235_color;400;8;0;38.5792;288;76;387;76;288;361;387;361
set235_color;401;8;0;37.1651;286;82;384;82;286;361;384;361
set235_color;402;8;0;37.1075;286;84;382;84;286;360;382;360
set235_color;403;8;0;37.8363;285;79;383;79;285;358;383;358
set235_color;404;8;0;37.5562;283;79;379;79;283;354;379;354
set235_color;405;8;0;37.616;282;82;380;82;282;361;380;361
set235_color;406;8;0;37.0459;282;84;378;84;282;362;378;362
set235_color;407;8;0;36.2841;282;93;375;93;282;360;375;360
set235_color;408;8;0;37.3719;280;100;372;100;280;364;372;364
set235_color;409;8;0;35.8103;277;97;369;97;277;363;369;363
set235_color;410;8;0;36.6818;279;103;369;103;279;361;369;361
set235_color;411;8;0;38.1731;277;105;367;105;277;366;367;366
set235_color;412;8;0;35.213;277;103;367;103;277;363;367;363
set235_color;413;8;0;36.7164;279;106;368;106;279;363;368;363
set235_color;414;8;0;36.2571;277;106;364;106;277;357;364;357
set235_color;415;8;0;36.3785;279;109;368;109;279;363;368;363
set235_color;416;8;0;46.4423;279;115;365;115;279;363;365;363
set235_color;417;8;0;35.5177;279;115;366;115;279;364;366;364
set235_color;418;8;0;36.2557;280;117;366;117;280;363;366;363
set235_color;419;8;0;37.2752;282;117;369;117;282;369;369;369
set235_color;420;8;0;36.3891;282;114;369;114;282;366;369;366
set235_color;421;8;0;35.8756;280;117;366;117;280;365;366;365
set235_color;422;8;0;36.882;280;117;366;117;280;365;366;365
set235_color;423;8;0;37.549;279;121;362;121;279;360;362;360
set235_color;424;8;0;35.5105;277;117;364;117;277;366;364;366
set235_color;424;8;0;35.5105;171;138;237;138;171;326;237;326
set235_color;425;8;0;34.8357;274;123;357;123;274;360;357;360
set235_color;426;8;0;35.0902;274;126;355;126;274;357;355;357
set235_color;427;8;0;35.5092;271;133;349;133;271;360;349;360
set235_color;428;8;0;34.5365;270;133;347;133;270;352;347;352
set235_color;429;8;0;34.9372;267;135;347;135;267;362;347;362
set235_color;430;8;0;33.9725;267;138;342;138;267;354;342;354
set235_color;431;8;0;32.8632;264;139;341;139;264;360;341;360
set235_color;431;8;0;32.8632;199;117;280;117;199;350;280;350
set235_color;432;8;0;34.968;265;144;336;144;265;350;336;350
set235_color;432;8;0;34.968;199;117;280;117;199;350;280;350
set235_color;433;8;0;35.0808;262;138;339;138;262;359;339;359
set235_color;434;8;0;35.6232;264;147;335;147;264;350;335;350
set235_color;435;8;0;35.7497;256;144;325;144;256;345;325;345
set235_color;436;8;0;39.7107;262;150;330;150;262;342;330;342
set235_color;436;8;0;39.7107;222;114;303;114;222;347;303;347
set235_color;437;8;0;36.2773;258;144;329;144;258;348;329;348
set235_color;438;8;0;33.9719;261;147;327;147;261;338;327;338
set235_color;439;8;0;34.6334;261;147;324;147;261;329;324;329
set235_color;440;8;0;33.6757;252;138;330;138;252;362;330;362
set235_color;441;8;0;34.0741;237;108;338;108;237;399;338;399
set235_color;443;8;0;32.3821;238;109;321;109;238;346;321;346
set235_color;447;8;0;31.7411;258;124;345;124;258;372;345;372
set235_color;448;8;0;35.9211;264;114;351;114;264;365;351;365
set235_color;449;8;0;36.4048;271;114;357;114;271;359;357;359
set235_color;450;8;0;34.9714;262;127;340;127;262;352;340;352
set235_color;451;8;0;35.0987;256;165;313;165;256;329;313;329
set235_color;451;8;0;35.0987;277;112;366;112;277;364;366;364
set235_color;452;8;0;36.8784;256;166;315;166;256;334;315;334
set235_color;452;8;0;36.8784;289;112;373;112;289;355;373;355
set235_color;453;8;0;36.0274;258;168;315;168;258;333;315;333
set235_color;453;8;0;36.0274;288;112;375;112;288;361;375;361
set235_color;454;8;0;37.7452;258;159;321;159;258;339;321;339
set235_color;454;8;0;37.7452;294;108;380;108;294;356;380;356
set235_color;455;8;0;44.1677;258;153;323;153;258;339;323;339
set235_color;455;8;0;44.1677;298;111;385;111;298;362;385;362
set235_color;456;8;0;39.671;261;159;323;159;261;338;323;338
set235_color;456;8;0;39.671;303;109;389;109;303;357;389;357
set235_color;457;8;0;37.8073;262;157;321;157;262;327;321;327
set235_color;457;8;0;37.8073;307;93;400;93;307;362;400;362
set235_color;458;8;0;37.5293;264;163;321;163;264;328;321;328
set235_color;458;8;0;37.5293;304;105;399;105;304;378;399;378
set235_color;458;8;0;37.5293;250;120;339;120;250;377;339;377
set235_color;459;8;0;38.8747;261;154;327;154;261;343;327;343
set235_color;459;8;0;38.8747;312;111;404;111;312;372;404;372
set235_color;460;8;0;40.2596;264;150;333;150;264;347;333;347
set235_color;460;8;0;40.2596;316;106;406;106;316;363;406;363
set235_color;460;8;0;40.2596;312;12;434;12;312;359;434;359
set235_color;461;8;0;39.7199;292;127;370;127;292;354;370;354
set235_color;462;8;0;38.7882;267;156;336;156;267;354;336;354
set235_color;462;8;0;38.7882;327;105;414;105;327;357;414;357
set235_color;463;8;0;39.8653;267;153;335;153;267;350;335;350
set235_color;463;8;0;39.8653;330;94;422;94;330;357;422;357
set235_color;464;8;0;39.6279;268;159;334;159;268;348;334;348
set235_color;464;8;0;39.6279;339;96;429;96;339;353;429;353
set235_color;465;8;0;38.6264;268;151;337;151;268;351;337;351
set235_color;465;8;0;38.6264;354;100;441;100;354;352;441;352
set235_color;465;8;0;38.6264;382;19;495;19;382;342;495;342
set235_color;466;8;0;37.0494;270;159;336;159;270;348;336;348
set235_color;466;8;0;37.0494;366;94;456;94;366;354;456;354
set235_color;467;8;0;37.935;274;154;334;154;274;327;334;327
set235_color;467;8;0;37.935;376;103;463;103;376;354;463;354
set235_color;467;8;0;37.935;264;138;351;138;264;389;351;389
set235_color;468;8;0;35.7406;273;162;332;162;273;329;332;329
set235_color;468;8;0;35.7406;264;150;347;150;264;389;347;389
set235_color;468;8;0;35.7406;378;103;470;103;378;366;470;366
set235_color;469;8;0;34.1148;274;169;328;169;274;327;328;327
set235_color;469;8;0;34.1148;375;115;459;115;375;355;459;355
set235_color;469;8;0;34.1148;258;135;353;135;258;408;353;408
set235_color;470;8;0;34.5072;373;109;456;109;373;345;456;345
set235_color;470;8;0;34.5072;255;120;360;120;255;423;360;423
set235_color;471;8;0;34.3845;274;171;327;171;274;324;327;324
set235_color;471;8;0;34.3845;373;108;454;108;373;342;454;342
set235_color;472;8;0;34.2089;273;160;330;160;273;325;330;325
set235_color;472;8;0;34.2089;370;120;447;120;370;341;447;341
set235_color;473;8;0;33.7976;270;148;336;148;270;337;336;337
set235_color;473;8;0;33.7976;379;103;462;103;379;342;462;342
set235_color;474;8;0;39.1269;271;163;328;163;271;327;328;327
set235_color;475;8;0;32.5787;376;99;459;99;376;336;459;336
set235_color;477;8;0;35.2145;381;79;476;79;381;349;476;349
set235_color;478;8;0;33.5082;267;177;318;177;267;323;318;323
set235_color;478;8;0;33.5082;382;27;499;27;382;362;499;362
set235_color;479;8;0;32.342;267;174;318;174;267;320;318;320
set235_color;480;8;0;33.5087;381;22;494;22;381;345;494;345
set235_color;483;8;0;33.1603;384;106;470;106;384;354;470;354
set235_color;484;8;0;34.9521;385;112;466;112;385;343;466;343
set235_color;488;8;0;31.9689;388;108;469;108;388;341;469;341
set235_color;494;8;0;35.8477;201;174;254;174;201;323;254;323
set235_color;503;8;0;31.2368;153;166;209;166;153;325;209;325
set235_color;508;8;0;29.7831;129;175;182;175;129;327;182;327
set235_color;524;8;0;31.008;96;141;164;141;96;335;164;335
set235_color;527;8;0;31.2796;93;126;170;126;93;345;170;345
set235_color;528;8;0;29.3131;93;123;171;123;93;347;171;347
set235_color;530;8;0;30.3005;99;132;173;132;99;342;173;342
set235_color;532;8;0;32.1768;108;139;180;139;108;348;180;348
set235_color;533;8;0;33.708;114;145;185;145;114;346;185;346
set235_color;534;8;0;31.426;112;130;186;130;112;339;186;339
set235_color;535;8;0;32.5826;111;115;197;115;111;361;197;361
set235_color;536;8;0;32.3721;114;115;194;115;114;343;194;343
set235_color;537;8;0;37.2724;118;115;199;115;118;351;199;351
set235_color;537;8;0;37.2724;385;70;483;70;385;352;483;352
set235_color;538;8;0;31.5684;118;115;201;115;118;352;201;352
set235_color;539;8;0;32.2426;120;112;201;112;120;345;201;345
set235_color;540;8;0;33.3137;388;114;472;114;388;354;472;354
set235_color;540;8;0;33.3137;120;109;209;109;120;363;209;363
set235_color;541;8;0;33.4403;120;111;209;111;120;368;209;368
set235_color;542;8;0;32.4631;378;100;467;100;378;357;467;357
set235_color;542;8;0;32.4631;121;102;211;102;121;362;211;362
set235_color;543;8;0;34.9878;382;97;468;97;382;343;468;343
set235_color;543;8;0;34.9878;123;102;215;102;123;366;215;366
set235_color;543;8;0;34.9878;375;103;483;103;375;415;483;415
set235_color;544;8;0;33.2184;375;102;459;102;375;344;459;344
set235_color;544;8;0;33.2184;127;87;220;87;127;353;220;353
set235_color;545;8;0;34.5614;372;90;465;90;372;356;465;356
set235_color;545;8;0;34.5614;130;93;219;93;130;348;219;348
set235_color;546;8;0;33.8806;361;105;445;105;361;348;445;348
set235_color;546;8;0;33.8806;133;91;223;91;133;351;223;351
set235_color;547;8;0;36.8128;348;84;441;84;348;353;441;353
set235_color;547;8;0;36.8128;139;99;226;99;139;350;226;350
set235_color;548;8;0;37.6226;337;91;426;91;337;345;426;345
set235_color;548;8;0;37.6226;144;97;231;97;144;349;231;349
set235_color;549;8;0;37.7893;150;100;236;100;150;345;236;345
set235_color;549;8;0;37.7893;328;76;423;76;328;348;423;348
set235_color;550;8;0;38.3977;153;93;243;93;153;354;243;354
set235_color;550;8;0;38.3977;324;90;416;90;324;353;416;353
set235_color;550;8;0;38.3977;208;105;294;105;208;351;294;351
set235_color;551;8;0;37.3136;321;85;414;85;321;352;414;352
set235_color;551;8;0;37.3136;157;100;244;100;157;352;244;352
set235_color;552;8;0;40.3176;315;93;402;93;315;344;402;344
set235_color;552;8;0;40.3176;160;90;250;90;160;350;250;350
set235_color;552;8;0;40.3176;213;106;296;106;213;343;296;343
set235_color;553;8;0;38.4126;309;97;398;97;309;354;398;354
set235_color;553;8;0;38.4126;168;94;255;94;168;345;255;345
set235_color;554;8;0;36.0533;309;102;396;102;309;353;396;353
set235_color;554;8;0;36.0533;172;88;259;88;172;340;259;340
set235_color;555;8;0;36.6982;301;105;388;105;301;356;388;356
set235_color;555;8;0;36.6982;177;90;266;90;177;345;266;345
set235_color;555;8;0;36.6982;295;40;399;40;295;339;399;339
set235_color;556;8;0;37.457;294;102;383;102;294;354;383;354
set235_color;556;8;0;37.457;184;93;271;93;184;345;271;345
set235_color;556;8;0;37.457;165;102;278;102;165;426;278;426
set235_color;557;8;0;41.4501;286;96;376;96;286;354;376;354
set235_color;557;8;0;41.4501;193;70;286;70;193;340;286;340
set235_color;558;8;0;36.6645;283;97;370;97;283;349;370;349
set235_color;558;8;0;36.6645;198;63;294;63;198;339;294;339
set235_color;559;8;0;36.6697;277;103;361;103;277;345;361;345
set235_color;559;8;0;36.6697;205;64;301;64;205;342;301;342
set235_color;560;8;0;37.8775;274;103;355;103;274;337;355;337
set235_color;560;8;0;37.8775;213;63;312;63;213;350;312;350
set235_color;561;8;0;36.8936;229;67;327;67;229;346;327;346
set235_color;562;8;0;36.5718;228;58;333;58;228;360;333;360
set235_color;563;8;0;33.5404;238;72;334;72;238;350;334;350
set235_color;564;8;0;36.3676;246;60;351;60;246;363;351;363
set235_color;565;8;0;34.352;243;82;336;82;243;351;336;351
set235_color;566;8;0;35.3623;258;75;354;75;258;351;354;351
set235_color;567;8;0;35.9271;222;93;314;93;222;357;314;357
set235_color;567;8;0;35.9271;405;39;509;39;405;341;509;341
set235_color;567;8;0;35.9271;270;66;375;66;270;371;375;371
set235_color;568;8;0;39.3817;216;96;305;96;216;351;305;351
set235_color;568;8;0;39.3817;283;67;385;67;283;360;385;360
set235_color;569;8;0;37.7179;295;60;393;60;295;341;393;341
set235_color;569;8;0;37.7179;216;96;305;96;216;350;305;350
set235_color;570;8;0;38.6315;210;93;297;93;210;341;297;341
set235_color;570;8;0;38.6315;301;46;408;46;301;351;408;351
set235_color;571;8;0;37.6059;310;54;412;54;310;348;412;348
set235_color;571;8;0;37.6059;204;93;293;93;204;348;293;348
set235_color;572;8;0;36.2573;327;58;428;58;327;348;428;348
set235_color;572;8;0;36.2573;198;97;287;97;198;354;287;354
set235_color;573;8;0;34.7048;334;54;435;54;334;345;435;345
set235_color;574;8;0;33.7962;358;37;468;37;358;354;468;354
set235_color;576;8;0;30.7954;375;43;483;43;375;352;483;352
set235_color;577;8;0;32.3243;381;36;492;36;381;353;492;353
set235_color;578;8;0;34.5383;393;24;507;24;393;350;507;350
set235_color;579;8;0;32.7058;166;93;250;93;166;335;250;335
set235_color;579;8;0;32.7058;399;43;504;43;399;348;504;348
set235_color;580;8;0;32.4459;412;39;520;39;412;348;520;348
set235_color;581;8;0;32.1285;421;48;526;48;421;348;526;348
set235_color;582;8;0;34.457;453;70;551;70;453;348;551;348
set235_color;583;8;0;34.8397;132;76;230;76;132;357;230;357
set235_color;585;8;0;34.0417;486;69;584;69;486;350;584;350
set235_color;587;8;0;33.5095;505;90;595;90;505;348;595;348
set235_color;588;8;0;34.0227;516;84;609;84;516;353;609;353
set235_color;589;8;0;33.5325;523;63;625;63;523;356;625;356
set235_color;590;8;0;34.1309;114;109;209;109;114;381;209;381
set235_color;590;8;0;34.1309;532;72;630;72;532;353;630;353
set235_color;591;8;0;32.419;120;141;197;141;120;362;197;362
set235_color;591;8;0;32.419;462;43;570;43;462;354;570;354
set235_color;594;8;0;31.9795;522;99;609;99;522;351;609;351
set235_color;601;8;0;28.1298;561;223;618;223;561;387;618;387
set235_color;603;8;0;26.4678;562;232;616;232;562;385;616;385
set235_color;610;8;0;28.617;562;232;615;232;562;385;615;385
set235_color;611;8;0;27.208;559;229;615;229;559;387;615;387
set235_color;630;8;0;32.1719;453;148;555;148;453;444;555;444
set235_color;637;8;0;32.8636;426;163;521;163;426;438;521;438
set235_color;644;8;0;36.4831;403;72;511;72;403;383;511;383
set235_color;645;8;0;34.669;396;82;498;82;396;373;498;373
set235_color;647;8;0;33.5121;415;81;520;81;415;384;520;384
set235_color;648;8;0;35.5982;412;66;522;66;412;383;522;383
set235_color;651;8;0;33.5534;396;58;506;58;396;375;506;375
set235_color;652;8;0;33.8108;391;61;498;61;391;367;498;367
set235_color;653;8;0;33.9133;288;102;380;102;288;365;380;365
set235_color;653;8;0;33.9133;394;106;487;106;394;376;487;376
set235_color;653;8;0;33.9133;385;19;496;19;385;339;496;339
set235_color;654;8;0;34.9145;388;63;489;63;388;351;489;351
set235_color;654;8;0;34.9145;298;109;379;109;298;340;379;340
set235_color;655;8;0;33.3638;306;103;386;103;306;330;386;330
set235_color;655;8;0;33.3638;387;27;500;27;387;351;500;351
set235_color;656;8;0;35.58;313;109;393;109;313;339;393;339
set235_color;657;8;0;31.91;319;105;397;105;319;330;397;330
set235_color;657;8;0;31.91;388;21;498;21;388;338;498;338
set235_color;658;8;0;33.3563;327;90;414;90;327;342;414;342
set235_color;658;8;0;33.3563;387;25;497;25;387;340;497;340
set235_color;659;8;0;37.8296;393;39;500;39;393;345;500;345
set235_color;660;8;0;33.8088;561;231;617;231;561;389;617;389
set235_color;660;8;0;33.8088;340;111;418;111;340;335;418;335
set235_color;660;8;0;33.8088;396;40;503;40;396;345;503;345
set235_color;661;8;0;32.0965;346;94;432;94;346;339;432;339
set235_color;661;8;0;32.0965;397;30;505;30;397;341;505;341
set235_color;662;8;0;31.8834;403;46;508;46;403;348;508;348
set235_color;663;8;0;30.1597;409;61;507;61;409;343;507;343
set235_color;664;8;0;30.704;414;60;512;60;414;339;512;339
set235_color;664;8;0;30.704;355;105;438;105;355;342;438;342
set235_color;665;8;0;28.4654;415;54;520;54;415;354;520;354
set235_color;666;8;0;30.676;415;54;516;54;415;344;516;344
set235_color;667;8;0;30.0509;562;220;621;220;562;388;621;388
set235_color;667;8;0;30.0509;412;55;516;55;412;354;516;354
set235_color;668;8;0;29.9355;558;223;615;223;558;388;615;388
set235_color;668;8;0;29.9355;411;58;507;58;411;337;507;337
set235_color;669;8;0;28.5082;409;55;508;55;409;340;508;340
set235_color;670;8;0;30.8978;561;228;617;228;561;386;617;386
set235_color;670;8;0;30.8978;409;63;505;63;409;341;505;341
set235_color;671;8;0;28.8638;409;66;504;66;409;338;504;338
set235_color;672;8;0;28.4673;406;69;496;69;406;329;496;329
set235_color;673;8;0;30.7002;403;66;496;66;403;333;496;333
set235_color;674;8;0;30.9569;399;72;489;72;399;333;489;333
set235_color;675;8;0;30.8092;394;75;484;75;394;335;484;335
set235_color;676;8;0;32.5698;390;81;477;81;390;332;477;332
set235_color;677;8;0;29.3838;379;88;465;88;379;336;465;336
set235_color;678;8;0;29.9412;369;88;453;88;369;331;453;331
set235_color;679;8;0;29.6013;358;93;444;93;358;339;444;339
set235_color;680;8;0;35.862;352;90;438;90;352;338;438;338
set235_color;681;8;0;29.4492;564;231;618;231;564;386;618;386
set235_color;681;8;0;29.4492;346;90;430;90;346;333;430;333
set235_color;682;8;0;29.8689;342;91;428;91;342;337;428;337
set235_color;683;8;0;32.2089;559;232;613;232;559;387;613;387
set235_color;683;8;0;32.2089;336;103;416;103;336;330;416;330
set235_color;684;8;0;30.9687;561;222;620;222;561;389;620;389
set235_color;684;8;0;30.9687;331;105;411;105;331;332;411;332
set235_color;685;8;0;29.7619;321;109;401;109;321;337;401;337
set235_color;686;8;0;30.2618;559;229;615;229;559;387;615;387
set235_color;686;8;0;30.2618;321;117;401;117;321;347;401;347
set235_color;687;8;0;28.1711;312;126;386;126;312;336;386;336
set235_color;688;8;0;31.6274;310;123;384;123;310;333;384;333
set235_color;689;8;0;31.5813;301;117;378;117;301;336;378;336
set235_color;690;8;0;30.3773;300;123;374;123;300;333;374;333
set235_color;690;8;0;30.3773;559;228;615;228;559;386;615;386
set235_color;691;8;0;30.9444;295;117;373;117;295;341;373;341
set235_color;692;8;0;31.442;294;120;371;120;294;339;371;339
set235_color;693;8;0;31.6163;292;118;369;118;292;340;369;340
set235_color;694;8;0;30.331;292;127;364;127;292;336;364;336
set235_color;695;8;0;29.7604;291;129;365;129;291;339;365;339
set235_color;696;8;0;31.7031;291;124;366;124;291;339;366;339
set235_color;697;8;0;30.3672;291;103;375;103;291;346;375;346
set235_color;698;8;0;30.7798;559;226;615;226;559;387;615;387
set235_color;703;8;0;31.381;327;150;383;150;327;309;383;309
set235_color;704;8;0;33.3986;327;150;384;150;327;315;384;315
set235_color;705;8;0;31.0778;330;148;389;148;330;318;389;318
set235_color;705;8;0;31.0778;313;133;399;133;313;378;399;378
set235_color;706;8;0;31.3973;327;144;393;144;327;336;393;336
set235_color;707;8;0;31.5929;333;150;390;150;333;314;390;314
set235_color;708;8;0;31.2015;334;153;391;153;334;318;391;318
set235_color;709;8;0;32.2034;336;151;395;151;336;321;395;321
set235_color;710;8;0;34.36;334;153;394;153;334;324;394;324
set235_color;711;8;0;30.8201;339;159;395;159;339;317;395;317
set235_color;711;8;0;30.8201;559;229;615;229;559;387;615;387
set235_color;711;8;0;30.8201;328;138;412;138;328;380;412;380
set235_color;712;8;0;32.8547;337;157;394;157;337;321;394;321
set235_color;713;8;0;32.5049;337;156;393;156;337;317;393;317
set235_color;714;8;0;32.7801;334;153;396;153;334;329;396;329
set235_color;715;8;0;30.6695;337;156;394;156;337;321;394;321
set235_color;716;8;0;32.0792;337;159;394;159;337;323;394;323
set235_color;717;8;0;30.3091;336;156;398;156;336;333;398;333
set235_color;718;8;0;33.3429;334;159;394;159;334;333;394;333
set235_color;719;8;0;31.0883;334;159;394;159;334;332;394;332
set235_color;720;8;0;31.7706;337;162;393;162;337;323;393;323
set235_color;721;8;0;31.5056;337;162;393;162;337;321;393;321
set235_color;722;8;0;40.3178;339;163;393;163;339;319;393;319
set235_color;723;8;0;32.6194;337;162;393;162;337;323;393;323
set235_color;724;8;0;31.2515;339;163;395;163;339;321;395;321
set235_color;724;8;0;31.2515;561;228;617;228;561;389;617;389
set235_color;725;8;0;31.4637;562;232;616;232;562;387;616;387
set235_color;726;8;0;28.0379;337;166;390;166;337;316;390;316
set235_color;727;8;0;29.6208;561;229;617;229;561;390;617;390
set235_color;727;8;0;29.6208;88;85;177;85;88;342;177;342
set235_color;728;8;0;30.7934;336;165;387;165;336;312;387;312
set235_color;731;8;0;29.1962;559;226;615;226;559;387;615;387
set235_color;732;8;0;30.6132;322;168;373;168;322;314;373;314
set235_color;733;8;0;29.387;321;168;375;168;321;323;375;323
set235_color;733;8;0;29.387;49;81;141;81;49;347;141;347
set235_color;735;8;0;32.102;558;231;612;231;558;387;612;387
set235_color;736;8;0;29.9277;36;72;132;72;36;350;132;350
set235_color;737;8;0;29.3297;295;168;351;168;295;327;351;327
set235_color;737;8;0;29.3297;36;70;138;70;36;363;138;363
set235_color;738;8;0;31.5874;33;69;137;69;33;365;137;365
set235_color;739;8;0;29.1637;561;229;617;229;561;390;617;390
set235_color;739;8;0;29.1637;30;70;132;70;30;366;132;366
set235_color;740;8;0;29.3036;33;58;138;58;33;360;138;360
set235_color;741;8;0;30.4085;30;64;134;64;30;361;134;361
set235_color;742;8;0;31.082;39;58;149;58;39;375;149;375
set235_color;743;8;0;31.5979;280;163;334;163;280;321;334;321
set235_color;743;8;0;31.5979;39;69;141;69;39;365;141;365
set235_color;744;8;0;30.0447;282;163;338;163;282;324;338;324
set235_color;745;8;0;29.4169;282;166;338;166;282;324;338;324
set235_color;748;8;0;30.1303;270;166;324;166;270;321;324;321
set235_color;748;8;0;30.1303;559;232;613;232;559;387;613;387
set235_color;754;8;0;30.5173;259;166;313;166;259;321;313;321
set235_color;755;8;0;28.2719;259;165;315;165;259;323;315;323
set235_color;756;8;0;29.7588;261;168;315;168;261;324;315;324
set235_color;757;8;0;29.8525;261;166;315;166;261;324;315;324
set235_color;758;8;0;29.8951;265;166;319;166;265;321;319;321
set235_color;768;8;0;28.6301;270;165;329;165;270;333;329;333
set235_color;769;8;0;29.6852;250;87;336;87;250;335;336;335
set235_color;775;8;0;29.8308;562;229;616;229;562;385;616;385
set235_color;781;8;0;31.7745;301;175;354;175;301;327;354;327
set235_color;781;8;0;31.7745;558;232;612;232;558;387;612;387
set235_color;782;8;0;31.7942;301;172;354;172;301;324;354;324
set235_color;785;8;0;38.3417;304;168;360;168;304;329;360;329
set235_color;791;8;0;28.6837;316;166;369;166;316;315;369;315
set235_color;792;8;0;30.8859;316;169;370;169;316;325;370;325
set235_color;793;8;0;31.0372;316;166;369;166;316;319;369;319
set235_color;794;8;0;31.3071;316;168;370;168;316;324;370;324
set235_color;795;8;0;29.2381;321;168;377;168;321;326;377;326
set235_color;796;8;0;32.1988;321;166;375;166;321;321;375;321
set235_color;797;8;0;29.3528;321;162;377;162;321;323;377;323
set235_color;797;8;0;29.3528;559;219;618;219;559;387;618;387
set235_color;798;8;0;30.1104;322;159;379;159;322;324;379;324
set235_color;798;8;0;30.1104;561;222;620;222;561;390;620;390
set235_color;799;8;0;31.1928;325;162;382;162;325;324;382;324
set235_color;800;8;0;29.7129;322;157;381;157;322;327;381;327
set235_color;801;8;0;32.7426;325;156;382;156;325;321;382;321
set235_color;802;8;0;31.1006;328;153;385;153;328;315;385;315
set235_color;803;8;0;31.8254;328;153;387;153;328;323;387;323
set235_color;804;8;0;32.97;328;150;390;150;328;329;390;329
set235_color;804;8;0;32.97;559;225;616;225;559;389;616;389
set235_color;805;8;0;29.7094;330;151;389;151;330;319;389;319
set235_color;805;8;0;29.7094;318;144;401;144;318;381;401;381
set235_color;806;8;0;36.126;330;150;395;150;330;336;395;336
set235_color;807;8;0;30.2657;331;150;396;150;331;336;396;336
set235_color;808;8;0;32.3952;333;148;398;148;333;336;398;336
set235_color;809;8;0;31.3869;331;147;400;147;331;347;400;347
set235_color;810;8;0;32.5317;333;147;399;147;333;339;399;339
set235_color;811;8;0;30.8191;334;142;403;142;334;339;403;339
set235_color;812;8;0;30.9133;333;141;402;141;333;338;402;338
set235_color;813;8;0;30.7394;333;144;399;144;333;335;399;335
set235_color;814;8;0;32.0061;333;142;399;142;333;333;399;333
set235_color;815;8;0;29.8429;334;147;397;147;334;327;397;327
set235_color;815;8;0;29.8429;561;234;614;234;561;387;614;387
set235_color;816;8;0;30.6931;331;145;396;145;331;331;396;331
set235_color;816;8;0;30.6931;562;234;616;234;562;389;616;389
set235_color;817;8;0;31.2945;330;141;393;141;330;323;393;323
set235_color;818;8;0;33.4194;325;136;396;136;325;339;396;339
set235_color;819;8;0;32.3742;322;139;390;139;322;336;390;336
set235_color;819;8;0;32.3742;558;235;611;235;558;387;611;387
set235_color;820;8;0;30.2175;321;135;390;135;321;335;390;335
set235_color;821;8;0;30.8326;318;129;389;129;318;335;389;335
set235_color;822;8;0;32.1541;319;141;382;141;319;323;382;323
set235_color;823;8;0;31.2209;310;124;384;124;310;336;384;336
set235_color;824;8;0;31.876;310;133;379;133;310;333;379;333
set235_color;825;8;0;31.661;304;127;379;127;304;342;379;342
set235_color;826;8;0;33.5168;295;108;376;108;295;342;376;342
set235_color;827;8;0;34.1297;294;109;374;109;294;340;374;340
set235_color;828;8;0;31.7224;291;103;374;103;291;339;374;339
set235_color;829;8;0;33.0136;286;100;369;100;286;339;369;339
set235_color;830;8;0;34.0991;283;102;364;102;283;336;364;336
set235_color;831;8;0;31.831;279;105;359;105;279;336;359;336
set235_color;832;8;0;32.5395;273;100;356;100;273;337;356;337
set235_color;833;8;0;32.6794;264;100;347;100;264;336;347;336
set235_color;833;8;0;32.6794;559;232;613;232;559;387;613;387
set235_color;834;8;0;33.4129;255;94;338;94;255;333;338;333
set235_color;835;8;0;33.6902;246;87;332;87;246;335;332;335
set235_color;836;8;0;32.5575;241;88;327;88;241;334;327;334
set235_color;837;8;0;30.5879;238;99;319;99;238;332;319;332
set235_color;838;8;0;33.2557;226;79;313;79;226;330;313;330
set235_color;839;8;0;30.8587;562;234;616;234;562;389;616;389
set235_color;839;8;0;30.8587;220;79;307;79;220;331;307;331
set235_color;840;8;0;31.7999;213;78;302;78;213;335;302;335
set235_color;841;8;0;32.3072;562;228;618;228;562;386;618;386
set235_color;841;8;0;32.3072;204;70;299;70;204;343;299;343
set235_color;842;8;0;34.7405;201;66;296;66;201;338;296;338
set235_color;843;8;0;32.0703;192;66;287;66;192;338;287;338
set235_color;844;8;0;34.0732;181;52;279;52;181;336;279;336
set235_color;845;8;0;34.9136;564;232;618;232;564;387;618;387
set235_color;845;8;0;34.9136;168;42;275;42;168;350;275;350
set235_color;846;8;0;35.0163;156;31;267;31;156;348;267;348
set235_color;847;8;0;38.722;153;34;261;34;153;345;261;345
set235_color;848;8;0;37.4846;559;229;615;229;559;390;615;390
set235_color;848;8;0;37.4846;150;48;252;48;150;344;252;344
set235_color;849;8;0;32.5103;132;42;239;42;132;348;239;348
set235_color;850;8;0;34.8048;118;30;232;30;118;356;232;356
set235_color;851;8;0;32.5338;108;61;209;61;108;349;209;349
set235_color;852;8;0;30.2472;85;15;204;15;85;353;204;353
set235_color;854;8;0;29.0082;60;10;182;10;60;357;182;357
set235_color;855;8;0;30.0573;63;10;171;10;63;321;171;321
set235_color;856;8;0;29.9482;43;15;153;15;43;332;153;332
set235_color;857;8;0;29.3285;40;30;157;30;40;365;157;365
set235_color;858;8;0;30.9965;18;33;125;33;18;336;125;336
set235_color;860;8;0;30.9058;4;163;70;163;4;355;70;355
set235_color;860;8;0;30.9058;561;222;620;222;561;389;620;389
set235_color;863;8;0;28.9987;559;225;616;225;559;389;616;389
set235_color;868;8;0;33.7604;181;99;264;99;181;336;264;336
set235_color;870;8;0;29.8574;561;220;620;220;561;388;620;388
set235_color;877;8;0;30.6569;138;81;227;81;138;338;227;338
set235_color;878;8;0;32.9046;127;78;223;78;127;354;223;354
set235_color;879;8;0;30.4271;127;75;219;75;127;339;219;339
set235_color;880;8;0;31.5508;121;76;213;76;121;340;213;340
set235_color;881;8;0;29.3406;114;72;212;72;114;351;212;351
set235_color;882;8;0;30.3247;108;67;209;67;108;357;209;357
set235_color;883;8;0;29.7668;108;66;207;66;108;353;207;353
set235_color;884;8;0;29.6845;103;61;204;61;103;352;204;352
set235_color;885;8;0;27.5264;100;60;204;60;100;357;204;357
set235_color;886;8;0;32.0694;99;57;204;57;99;359;204;359
set235_color;887;8;0;29.6532;99;57;204;57;99;360;204;360
set235_color;888;8;0;27.2818;99;55;204;55;99;358;204;358
set235_color;890;8;0;31.3405;99;57;203;57;99;354;203;354
set235_color;895;8;0;29.3181;561;232;615;232;561;387;615;387
set235_color;898;8;0;34.304;559;228;615;228;559;386;615;386
