set235_color;10;8;0;69.9709;16;59;152;59;16;334;152;334
set235_color;11;8;0;64.4947;18;61;160;61;18;346;160;346
set235_color;15;8;0;55.85;54;61;194;61;54;342;194;342
set235_color;16;8;0;61.3829;65;72;194;72;65;331;194;331
set235_color;17;8;0;55.5635;71;70;205;70;71;339;205;339
set235_color;18;8;0;53.4095;80;79;207;79;80;335;207;335
set235_color;19;8;0;57.5205;88;84;209;84;88;328;209;328
set235_color;20;8;0;59.4722;93;83;216;83;93;330;216;330
set235_color;21;8;0;57.7676;100;81;221;81;100;325;221;325
set235_color;22;8;0;57.3152;107;83;224;83;107;318;224;318
set235_color;23;8;0;56.4608;115;87;227;87;115;312;227;312
set235_color;24;8;0;58.373;119;89;231;89;119;314;231;314
set235_color;25;8;0;55.5194;120;94;232;94;120;319;232;319
set235_color;26;8;0;56.5952;135;101;243;101;135;317;243;317
set235_color;27;8;0;55.9418;140;105;244;105;140;314;244;314
set235_color;28;8;0;56.1662;145;109;253;109;145;327;253;327
set235_color;29;8;0;55.0301;145;106;258;106;145;333;258;333
set235_color;30;8;0;55.4366;152;109;261;109;152;328;261;328
set235_color;31;8;0;60.3149;153;110;262;110;153;329;262;329
set235_color;32;8;0;66.867;157;113;260;113;157;320;260;320
set235_color;33;8;0;55.3223;162;116;261;116;162;313;261;313
set235_color;34;8;0;55.557;167;127;264;127;167;323;264;323
set235_color;35;8;0;59.174;170;130;265;130;170;320;265;320
set235_color;36;8;0;58.6219;175;139;263;139;175;317;263;317
set235_color;37;8;0;61.2783;175;140;265;140;175;322;265;322
set235_color;38;8;0;58.9406;175;140;265;140;175;322;265;322
set235_color;39;8;0;58.8158;167;127;263;127;167;321;263;321
set235_color;40;8;0;89.2712;166;130;262;130;166;324;262;324
set235_color;41;8;0;80.0215;166;128;266;128;166;328;266;328
set235_color;42;8;0;57.71;171;133;262;133;171;316;262;316
set235_color;43;8;0;57.7135;204;39;346;39;204;324;346;324
set235_color;43;8;0;57.7135;171;136;261;136;171;318;261;318
set235_color;44;8;0;60.6552;175;148;258;148;175;314;258;314
set235_color;45;8;0;57.3123;175;148;259;148;175;316;259;316
set235_color;46;8;0;63.8324;175;149;258;149;175;317;258;317
set235_color;46;8;0;63.8324;195;33;342;33;195;327;342;327
set235_color;47;8;0;56.8223;175;149;258;149;175;317;258;317
set235_color;48;8;0;56.71;178;154;257;154;178;315;257;315
set235_color;49;8;0;59.8509;176;152;256;152;176;314;256;314
set235_color;50;8;0;67.3386;176;153;255;153;176;315;255;315
set235_color;51;8;0;61.1327;172;150;256;150;172;319;256;319
set235_color;52;8;0;60.8924;171;152;255;152;171;322;255;322
set235_color;53;8;0;60.3812;169;154;253;154;169;325;253;325
set235_color;54;8;0;63.3434;169;156;251;156;169;321;251;321
set235_color;55;8;0;60.5888;162;158;246;158;162;327;246;327
set235_color;56;8;0;64.5872;162;158;246;158;162;326;246;326
set235_color;57;8;0;62.2304;161;158;243;158;161;324;243;324
set235_color;58;8;0;61.0961;158;157;241;157;158;325;241;325
set235_color;59;8;0;61.6022;159;159;238;159;159;320;238;320
set235_color;60;8;0;58.0752;156;161;243;161;156;335;243;335
set235_color;63;8;0;60.7568;166;159;245;159;166;317;245;317
set235_color;64;8;0;55.0474;163;162;241;162;163;319;241;319
set235_color;67;8;0;55.5845;161;161;240;161;161;322;240;322
set235_color;68;8;0;54.8929;161;162;239;162;161;319;239;319
set235_color;69;8;0;54.8883;157;159;237;159;157;321;237;321
set235_color;70;8;0;56.059;159;161;238;161;159;319;238;319
set235_color;71;8;0;60.1375;158;159;238;159;158;321;238;321
set235_color;72;8;0;60.1483;157;157;240;157;157;325;240;325
set235_color;73;8;0;55.7846;158;156;245;156;158;330;245;330
set235_color;74;8;0;59.3829;159;154;247;154;159;331;247;331
set235_color;75;8;0;58.2469;165;154;251;154;165;327;251;327
set235_color;76;8;0;57.1758;167;154;250;154;167;322;250;322
set235_color;77;8;0;56.9881;169;156;253;156;169;327;253;327
set235_color;78;8;0;58.655;167;154;253;154;167;327;253;327
set235_color;79;8;0;56.705;170;154;258;154;170;331;258;331
set235_color;80;8;0;53.8742;174;152;261;152;174;326;261;326
set235_color;81;8;0;58.5504;176;153;260;153;176;322;260;322
set235_color;82;8;0;55.597;176;152;260;152;176;320;260;320
set235_color;83;8;0;54.608;176;145;264;145;176;323;264;323
set235_color;84;8;0;59.3954;175;143;268;143;175;331;268;331
set235_color;85;8;0;56.9381;175;141;268;141;175;329;268;329
set235_color;86;8;0;61.7283;179;144;265;144;179;317;265;317
set235_color;87;8;0;60.4439;179;144;265;144;179;317;265;317
set235_color;88;8;0;61.7963;176;141;268;141;176;327;268;327
set235_color;89;8;0;58.4515;174;137;269;137;174;327;269;327
set235_color;90;8;0;61.1576;204;39;346;39;204;324;346;324
set235_color;90;8;0;61.1576;174;140;266;140;174;327;266;327
set235_color;91;8;0;58.7132;171;135;264;135;171;322;264;322
set235_color;91;8;0;58.7132;204;39;346;39;204;324;346;324
set235_color;92;8;0;58.8675;204;39;346;39;204;324;346;324
set235_color;92;8;0;58.8675;169;133;264;133;169;323;264;323
set235_color;93;8;0;59.5361;166;131;265;131;166;330;265;330
set235_color;93;8;0;59.5361;204;39;346;39;204;324;346;324
set235_color;94;8;0;58.2444;166;131;263;131;166;327;263;327
set235_color;94;8;0;58.2444;204;39;346;39;204;324;346;324
set235_color;95;8;0;60.3516;204;40;343;40;204;318;343;318
set235_color;95;8;0;60.3516;163;132;260;132;163;328;260;328
set235_color;96;8;0;59.6367;162;130;261;130;162;329;261;329
set235_color;97;8;0;56.3315;156;126;257;126;156;330;257;330
set235_color;98;8;0;58.8504;156;123;256;123;156;324;256;324
set235_color;99;8;0;61.9349;150;123;254;123;150;332;254;332
set235_color;100;8;0;55.9617;150;123;251;123;150;327;251;327
set235_color;101;8;0;59.4592;148;120;247;120;148;319;247;319
set235_color;102;8;0;60.4694;143;120;244;120;143;325;244;325
set235_color;103;8;0;58.8478;143;119;244;119;143;323;244;323
set235_color;104;8;0;56.729;137;116;242;116;137;329;242;329
set235_color;105;8;0;56.8904;137;118;240;118;137;325;240;325
set235_color;106;8;0;59.2603;133;115;238;115;133;328;238;328
set235_color;107;8;0;57.376;132;116;237;116;132;326;237;326
set235_color;108;8;0;58.234;132;116;240;116;132;333;240;333
set235_color;109;8;0;58.2975;133;115;238;115;133;328;238;328
set235_color;110;8;0;58.5953;136;116;241;116;136;326;241;326
set235_color;114;8;0;60.0203;153;111;263;111;153;334;263;334
set235_color;115;8;0;58.1243;162;118;265;118;162;325;265;325
set235_color;124;8;0;57.8096;226;123;323;123;226;319;323;319
set235_color;125;8;0;62.5471;235;122;335;122;235;325;335;325
set235_color;126;8;0;61.0487;237;119;338;119;237;324;338;324
set235_color;127;8;0;58.9686;244;123;344;123;244;323;344;323
set235_color;128;8;0;63.3589;246;122;346;122;246;325;346;325
set235_color;129;8;0;55.1282;252;120;353;120;252;324;353;324
set235_color;130;8;0;57.6449;257;124;356;124;257;321;356;321
set235_color;131;8;0;58.8578;257;128;353;128;257;322;353;322
set235_color;132;8;0;56.2842;263;131;358;131;263;322;358;322
set235_color;133;8;0;57.6924;273;127;373;127;273;327;373;327
set235_color;134;8;0;61.3299;274;130;371;130;274;325;371;325
set235_color;185;8;0;58.2608;273;127;373;127;273;327;373;327
set235_color;187;8;0;55.6804;261;130;361;130;261;333;361;333
set235_color;188;8;0;60.0691;256;127;356;127;256;327;356;327
set235_color;189;8;0;58.6593;252;127;351;127;252;324;351;324
set235_color;190;8;0;58.2286;243;126;342;126;243;325;342;325
set235_color;191;8;0;59.5346;244;135;336;135;244;322;336;322
set235_color;192;8;0;57.431;241;131;336;131;241;323;336;323
set235_color;193;8;0;62.5108;236;131;331;131;236;323;331;323
set235_color;194;8;0;56.4973;231;130;328;130;231;325;328;325
set235_color;195;8;0;59.0011;227;127;323;127;227;321;323;321
set235_color;196;8;0;56.2629;217;122;320;122;217;327;320;327
set235_color;197;8;0;55.4007;217;119;309;119;217;305;309;305
set235_color;198;8;0;56.5825;210;116;311;116;210;320;311;320
set235_color;199;8;0;58.7479;198;111;304;111;198;325;304;325
set235_color;200;8;0;56.9181;211;120;290;120;211;278;290;278
set235_color;201;8;0;58.8051;188;106;294;106;188;322;294;322
set235_color;202;8;0;54.4526;178;98;296;98;178;334;296;334
set235_color;203;8;0;57.0408;171;97;288;97;171;332;288;332
set235_color;204;8;0;57.4156;169;100;284;100;169;334;284;334
set235_color;205;8;0;60.0178;165;101;279;101;165;331;279;331
set235_color;206;8;0;59.7424;156;100;270;100;156;330;270;330
set235_color;207;8;0;64.6404;150;94;268;94;150;332;268;332
set235_color;208;8;0;62.949;140;91;258;91;140;329;258;329
set235_color;209;8;0;64.7793;130;87;255;87;130;336;255;336
set235_color;210;8;0;60.2839;126;85;249;85;126;333;249;333
set235_color;211;8;0;67.2287;120;81;243;81;120;328;243;328
set235_color;212;8;0;70.2587;116;88;231;88;116;322;231;322
set235_color;213;8;0;65.3046;113;88;228;88;113;320;228;320
set235_color;214;8;0;65.0273;104;85;225;85;104;325;225;325
set235_color;215;8;0;68.3344;91;80;217;80;91;333;217;333
set235_color;216;8;0;77.8581;83;78;209;78;83;331;209;331
set235_color;217;8;0;68.1512;78;75;204;75;78;328;204;328
set235_color;218;8;0;67.5067;68;67;206;67;68;342;206;342
set235_color;221;8;0;57.468;54;180;133;180;54;341;133;341
set235_color;343;8;0;58.4574;39;57;175;57;39;332;175;332
set235_color;344;8;0;58.8955;40;52;182;52;40;338;182;338
set235_color;345;8;0;59.3381;48;55;192;55;48;343;192;343
set235_color;346;8;0;58.2349;54;55;193;55;54;332;193;332
set235_color;347;8;0;62.0726;53;49;201;49;53;345;201;345
set235_color;353;8;0;66.4671;102;70;231;70;102;329;231;329
set235_color;354;8;0;59.8408;107;74;233;74;107;329;233;329
set235_color;355;8;0;58.4155;114;79;244;79;114;340;244;340
set235_color;356;8;0;59.4968;116;75;242;75;116;330;242;330
set235_color;357;8;0;58.3923;122;83;248;83;122;336;248;336
set235_color;358;8;0;58.3027;124;84;247;84;124;331;247;331
set235_color;359;8;0;60.5548;130;88;251;88;130;332;251;332
set235_color;360;8;0;58.5722;132;101;244;101;132;327;244;327
set235_color;366;8;0;57.0898;137;96;252;96;137;331;252;331
set235_color;367;8;0;59.4651;135;106;248;106;135;332;248;332
set235_color;368;8;0;59.1719;135;106;248;106;135;332;248;332
set235_color;368;8;0;59.1719;36;24;105;24;36;162;105;162
set235_color;369;8;0;63.3564;136;113;246;113;136;338;246;338
set235_color;370;8;0;62.2521;150;132;247;132;150;328;247;328
set235_color;372;8;0;64.6718;136;136;244;136;136;354;244;354
set235_color;376;8;0;66.1059;136;128;235;128;136;327;235;327
set235_color;377;8;0;62.7925;133;127;236;127;133;335;236;335
set235_color;378;8;0;63.7189;137;132;236;132;137;331;236;331
set235_color;379;8;0;60.0652;133;126;239;126;133;340;239;340
set235_color;379;8;0;60.0652;241;18;319;18;241;174;319;174
set235_color;380;8;0;62.0234;135;136;230;136;135;328;230;328
set235_color;381;8;0;60.7441;137;143;228;143;137;326;228;326
set235_color;381;8;0;60.7441;293;41;442;41;293;341;442;341
set235_color;382;8;0;55.4882;136;141;229;141;136;329;229;329
set235_color;383;8;0;55.2832;131;131;231;131;131;331;231;331
set235_color;383;8;0;55.2832;236;24;376;24;236;305;376;305
set235_color;384;8;0;58.8236;245;29;387;29;245;314;387;314
set235_color;384;8;0;58.8236;130;139;225;139;130;331;225;331
set235_color;385;8;0;60.2485;246;31;393;31;246;325;393;325
set235_color;385;8;0;60.2485;126;136;225;136;126;335;225;335
set235_color;386;8;0;56.9108;124;140;219;140;124;332;219;332
set235_color;386;8;0;56.9108;248;29;400;29;248;334;400;334
set235_color;387;8;0;55.2975;252;32;407;32;252;341;407;341
set235_color;387;8;0;55.2975;123;145;215;145;123;329;215;329
set235_color;388;8;0;56.8865;257;37;409;37;257;344;409;344
set235_color;388;8;0;56.8865;116;140;212;140;116;334;212;334
set235_color;389;8;0;54.9227;257;36;413;36;257;349;413;349
set235_color;389;8;0;54.9227;118;141;209;141;118;324;209;324
set235_color;390;8;0;57.4052;262;44;407;44;262;336;407;336
set235_color;390;8;0;57.4052;118;141;209;141;118;324;209;324
set235_color;391;8;0;57.0634;261;41;410;41;261;340;410;340
set235_color;391;8;0;57.0634;115;140;207;140;115;326;207;326
set235_color;392;8;0;56.5788;262;46;407;46;262;338;407;338
set235_color;392;8;0;56.5788;114;139;205;139;114;322;205;322
set235_color;393;8;0;58.3518;260;45;409;45;260;344;409;344
set235_color;393;8;0;58.3518;118;144;205;144;118;319;205;319
set235_color;394;8;0;58.3637;260;52;409;52;260;351;409;351
set235_color;394;8;0;58.3637;118;149;202;149;118;320;202;320
set235_color;395;8;0;56.4305;265;57;408;57;265;344;408;344
set235_color;395;8;0;56.4305;114;145;202;145;114;323;202;323
set235_color;396;8;0;59.8049;265;61;407;61;265;343;407;343
set235_color;396;8;0;59.8049;118;149;202;149;118;320;202;320
set235_color;397;8;0;56.8601;266;68;401;68;266;340;401;340
set235_color;397;8;0;56.8601;114;145;202;145;114;323;202;323
set235_color;398;8;0;60.7929;273;76;399;76;273;327;399;327
set235_color;398;8;0;60.7929;115;146;203;146;115;324;203;324
set235_color;399;8;0;60.9242;270;76;401;76;270;337;401;337
set235_color;399;8;0;60.9242;118;149;202;149;118;320;202;320
set235_color;400;8;0;60.1019;271;80;397;80;271;336;397;336
set235_color;400;8;0;60.1019;118;149;202;149;118;320;202;320
set235_color;401;8;0;57.1111;270;83;396;83;270;336;396;336
set235_color;401;8;0;57.1111;120;148;206;148;120;321;206;321
set235_color;402;8;0;58.3133;273;85;394;85;273;327;394;327
set235_color;402;8;0;58.3133;119;145;210;145;119;328;210;328
set235_color;403;8;0;57.553;271;91;389;91;271;330;389;330
set235_color;403;8;0;57.553;122;146;212;146;122;327;212;327
set235_color;404;8;0;56.1888;263;87;389;87;263;342;389;342
set235_color;404;8;0;56.1888;122;141;217;141;122;329;217;329
set235_color;405;8;0;58.6001;123;143;216;143;123;331;216;331
set235_color;405;8;0;58.6001;262;89;388;89;262;342;388;342
set235_color;406;8;0;60.5722;263;98;384;98;263;342;384;342
set235_color;406;8;0;60.5722;128;145;216;145;128;323;216;323
set235_color;407;8;0;60.4508;265;101;384;101;265;341;384;341
set235_color;407;8;0;60.4508;130;143;220;143;130;321;220;321
set235_color;408;8;0;57.1237;265;106;378;106;265;333;378;333
set235_color;408;8;0;57.1237;132;143;222;143;132;325;222;325
set235_color;409;8;0;58.5096;262;106;376;106;262;335;376;335
set235_color;409;8;0;58.5096;135;145;225;145;135;326;225;326
set235_color;410;8;0;56.9833;265;114;375;114;265;335;375;335
set235_color;410;8;0;56.9833;139;146;227;146;139;324;227;324
set235_color;411;8;0;57.6841;263;111;373;111;263;332;373;332
set235_color;411;8;0;57.6841;137;145;227;145;137;323;227;323
set235_color;412;8;0;57.6902;265;113;375;113;265;332;375;332
set235_color;412;8;0;57.6902;139;143;229;143;139;325;229;325
set235_color;413;8;0;63.9375;265;113;374;113;265;332;374;332
set235_color;413;8;0;63.9375;141;145;229;145;141;323;229;323
set235_color;414;8;0;63.0449;265;118;371;118;265;332;371;332
set235_color;414;8;0;63.0449;141;145;229;145;141;323;229;323
set235_color;415;8;0;61.7785;266;123;371;123;266;335;371;335
set235_color;415;8;0;61.7785;144;145;232;145;144;323;232;323
set235_color;416;8;0;65.075;265;119;375;119;265;340;375;340
set235_color;416;8;0;65.075;144;143;234;143;144;321;234;321
set235_color;417;8;0;62.4924;267;126;372;126;267;336;372;336
set235_color;417;8;0;62.4924;144;145;234;145;144;323;234;323
set235_color;418;8;0;65.1047;266;127;371;127;266;337;371;337
set235_color;418;8;0;65.1047;145;145;235;145;145;328;235;328
set235_color;419;8;0;71.5845;265;127;373;127;265;343;373;343
set235_color;419;8;0;71.5845;145;136;240;136;145;327;240;327
set235_color;420;8;0;68.909;297;39;433;39;297;314;433;314
set235_color;420;8;0;68.909;271;131;371;131;271;332;371;332
set235_color;420;8;0;68.909;148;136;240;136;148;323;240;323
set235_color;421;8;0;64.6548;270;130;371;130;270;334;371;334
set235_color;421;8;0;64.6548;152;140;239;140;152;315;239;315
set235_color;421;8;0;64.6548;297;39;433;39;297;314;433;314
set235_color;422;8;0;72.1162;270;131;370;131;270;331;370;331
set235_color;422;8;0;72.1162;154;137;242;137;154;315;242;315
set235_color;423;8;0;65.5951;270;131;370;131;270;331;370;331
set235_color;423;8;0;65.5951;156;137;246;137;156;318;246;318
set235_color;424;8;0;69.4139;271;132;368;132;271;329;368;329
set235_color;424;8;0;69.4139;159;136;246;136;159;310;246;310
set235_color;425;8;0;68.0994;165;133;255;133;165;315;255;315
set235_color;425;8;0;68.0994;271;139;363;139;271;323;363;323
set235_color;426;8;0;62.1139;165;133;260;133;165;325;260;325
set235_color;426;8;0;62.1139;266;141;358;141;266;327;358;327
set235_color;427;8;0;64.8859;171;128;272;128;171;332;272;332
set235_color;427;8;0;64.8859;265;145;353;145;265;323;353;323
set235_color;428;8;0;60.1;176;130;271;130;176;318;271;318
set235_color;428;8;0;60.1;263;148;353;148;263;326;353;326
set235_color;429;8;0;54.4329;179;123;283;123;179;332;283;332
set235_color;429;8;0;54.4329;257;145;350;145;257;333;350;333
set235_color;430;8;0;58.6428;182;124;282;124;182;324;282;324
set235_color;430;8;0;58.6428;256;144;347;144;256;327;347;327
set235_color;431;8;0;61.1216;256;148;346;148;256;327;346;327
set235_color;431;8;0;61.1216;189;123;286;123;189;319;286;319
set235_color;432;8;0;56.3612;185;116;290;116;185;326;290;326
set235_color;432;8;0;56.3612;254;148;344;148;254;327;344;327
set235_color;433;8;0;55.7119;253;149;343;149;253;330;343;330
set235_color;433;8;0;55.7119;189;119;290;119;189;324;290;324
set235_color;434;8;0;57.2655;196;116;301;116;196;328;301;328
set235_color;434;8;0;57.2655;252;150;338;150;252;323;338;323
set235_color;435;8;0;54.8833;231;140;323;140;231;326;323;326
set235_color;436;8;0;57.5209;244;150;331;150;244;325;331;325
set235_color;437;8;0;56.5981;241;148;327;148;241;322;327;322
set235_color;438;8;0;58.2171;240;144;328;144;240;322;328;322
set235_color;439;8;0;54.8686;245;144;333;144;245;322;333;322
set235_color;445;8;0;54.8616;246;114;351;114;246;327;351;327
set235_color;446;8;0;58.621;248;114;358;114;248;335;358;335
set235_color;447;8;0;56.0801;252;118;356;118;252;326;356;326
set235_color;448;8;0;70.2362;254;115;362;115;254;333;362;333
set235_color;450;8;0;60.7389;266;114;372;114;266;330;372;330
set235_color;450;8;0;60.7389;293;39;435;39;293;324;435;324
set235_color;451;8;0;63.9168;269;116;374;116;269;326;374;326
set235_color;453;8;0;58.8976;287;118;386;118;287;317;386;317
set235_color;453;8;0;58.8976;249;161;324;161;249;313;324;313
set235_color;454;8;0;57.7348;286;114;389;114;286;321;389;321
set235_color;454;8;0;57.7348;249;162;324;162;249;314;324;314
set235_color;455;8;0;59.9667;284;114;389;114;284;326;389;326
set235_color;455;8;0;59.9667;250;163;324;163;250;312;324;312
set235_color;456;8;0;62.5067;297;116;398;116;297;320;398;320
set235_color;456;8;0;62.5067;250;163;324;163;250;312;324;312
set235_color;457;8;0;58.5792;302;116;403;116;302;321;403;321
set235_color;457;8;0;58.5792;253;167;327;167;253;314;327;314
set235_color;458;8;0;57.3194;302;116;403;116;302;321;403;321
set235_color;458;8;0;57.3194;252;165;326;165;252;316;326;316
set235_color;459;8;0;58.0007;305;118;404;118;305;317;404;317
set235_color;459;8;0;58.0007;253;166;330;166;253;319;330;319
set235_color;460;8;0;58.1828;315;119;405;119;315;300;405;300
set235_color;460;8;0;58.1828;253;162;332;162;253;320;332;320
set235_color;461;8;0;55.8725;317;119;409;119;317;305;409;305
set235_color;461;8;0;55.8725;256;162;335;162;256;320;335;320
set235_color;462;8;0;58.6392;323;119;413;119;323;300;413;300
set235_color;462;8;0;58.6392;260;163;338;163;260;320;338;320
set235_color;463;8;0;55.664;325;119;417;119;325;305;417;305
set235_color;463;8;0;55.664;263;163;337;163;263;312;337;312
set235_color;464;8;0;59.5896;328;118;423;118;328;308;423;308
set235_color;464;8;0;59.5896;263;163;337;163;263;312;337;312
set235_color;465;8;0;56.8188;336;119;427;119;336;302;427;302
set235_color;465;8;0;56.8188;266;165;343;165;266;318;343;318
set235_color;466;8;0;65.3247;340;116;437;116;340;312;437;312
set235_color;466;8;0;65.3247;266;167;344;167;266;324;344;324
set235_color;467;8;0;61.8243;340;116;443;116;340;321;443;321
set235_color;467;8;0;61.8243;266;169;345;169;266;326;345;326
set235_color;468;8;0;61.0105;340;115;445;115;340;324;445;324
set235_color;468;8;0;61.0105;265;171;339;171;265;319;339;319
set235_color;469;8;0;61.1995;352;118;451;118;352;317;451;317
set235_color;469;8;0;61.1995;266;172;339;172;266;317;339;317
set235_color;470;8;0;62.0923;351;116;456;116;351;326;456;326
set235_color;470;8;0;62.0923;265;172;338;172;265;317;338;317
set235_color;471;8;0;68.675;357;120;456;120;357;319;456;319
set235_color;471;8;0;68.675;265;172;338;172;265;317;338;317
set235_color;472;8;0;62.2156;360;119;457;119;360;315;457;315
set235_color;472;8;0;62.2156;265;172;338;172;265;317;338;317
set235_color;473;8;0;63.7005;265;175;335;175;265;317;335;317
set235_color;473;8;0;63.7005;360;123;455;123;360;314;455;314
set235_color;474;8;0;55.4458;362;123;455;123;362;311;455;311
set235_color;474;8;0;55.4458;265;175;335;175;265;317;335;317
set235_color;475;8;0;59.9435;262;174;332;174;262;316;332;316
set235_color;475;8;0;59.9435;366;127;459;127;366;315;459;315
set235_color;476;8;0;60.1382;369;128;462;128;369;316;462;316
set235_color;476;8;0;60.1382;261;172;334;172;261;317;334;317
set235_color;477;8;0;59.9405;370;128;463;128;370;316;463;316
set235_color;477;8;0;59.9405;260;175;329;175;260;313;329;313
set235_color;478;8;0;57.5494;371;132;463;132;371;316;463;316
set235_color;479;8;0;60.4584;371;130;466;130;371;321;466;321
set235_color;479;8;0;60.4584;253;172;326;172;253;317;326;317
set235_color;480;8;0;57.4485;252;178;321;178;252;316;321;316
set235_color;480;8;0;57.4485;371;130;466;130;371;321;466;321
set235_color;481;8;0;57.667;374;128;469;128;374;316;469;316
set235_color;482;8;0;54.8293;373;130;469;130;373;324;469;324
set235_color;483;8;0;54.264;374;127;471;127;374;323;471;323
set235_color;483;8;0;54.264;258;116;355;116;258;311;355;311
set235_color;484;8;0;57.4185;371;124;471;124;371;324;471;324
set235_color;485;8;0;56.8718;374;123;474;123;374;323;474;323
set235_color;486;8;0;62.2396;374;115;477;115;374;322;477;322
set235_color;487;8;0;57.1224;258;119;355;119;258;314;355;314
set235_color;487;8;0;57.1224;374;123;474;123;374;323;474;323
set235_color;488;8;0;55.9164;258;119;355;119;258;314;355;314
set235_color;488;8;0;55.9164;377;126;476;126;377;325;476;325
set235_color;490;8;0;59.7428;380;135;471;135;380;318;471;318
set235_color;493;8;0;58.9861;193;174;263;174;193;316;263;316
set235_color;494;8;0;58.7805;195;175;264;175;195;313;264;313
set235_color;497;8;0;58.3812;170;174;240;174;170;316;240;316
set235_color;522;8;0;60.9091;87;143;180;143;87;331;180;331
set235_color;523;8;0;61.2979;81;141;178;141;81;337;178;337
set235_color;524;8;0;61.5079;80;139;175;139;80;331;175;331
set235_color;525;8;0;59.4537;79;133;179;133;79;336;179;336
set235_color;526;8;0;59.7512;76;130;177;130;76;335;177;335
set235_color;527;8;0;59.8578;76;130;177;130;76;335;177;335
set235_color;533;8;0;60.6676;386;130;483;130;386;325;483;325
set235_color;533;8;0;60.6676;97;128;197;128;97;331;197;331
set235_color;535;8;0;58.7566;380;123;477;123;380;318;477;318
set235_color;536;8;0;58.6227;380;135;471;135;380;318;471;318
set235_color;537;8;0;58.7069;375;127;471;127;375;321;471;321
set235_color;538;8;0;58.3089;371;124;471;124;371;324;471;324
set235_color;539;8;0;59.7141;104;116;209;116;104;326;209;326
set235_color;539;8;0;59.7141;370;124;470;124;370;325;470;325
set235_color;540;8;0;59.626;106;111;219;111;106;338;219;338
set235_color;540;8;0;59.626;366;124;466;124;366;325;466;325
set235_color;541;8;0;60.2392;105;107;220;107;105;341;220;341
set235_color;541;8;0;60.2392;357;124;460;124;357;332;460;332
set235_color;542;8;0;62.1804;356;124;455;124;356;321;455;321
set235_color;543;8;0;60.4678;351;130;447;130;351;324;447;324
set235_color;544;8;0;59.7095;114;101;229;101;114;332;229;332
set235_color;544;8;0;59.7095;344;123;444;123;344;326;444;326
set235_color;545;8;0;59.4345;114;101;232;101;114;339;232;339
set235_color;545;8;0;59.4345;343;124;442;124;343;323;442;323
set235_color;546;8;0;58.5832;123;98;241;98;123;336;241;336
set235_color;546;8;0;58.5832;338;124;435;124;338;320;435;320
set235_color;547;8;0;58.6299;123;98;241;98;123;336;241;336
set235_color;547;8;0;58.6299;332;122;429;122;332;319;429;319
set235_color;548;8;0;59.7731;128;98;245;98;128;333;245;333
set235_color;548;8;0;59.7731;326;119;427;119;326;323;427;323
set235_color;549;8;0;60.4963;133;94;255;94;133;339;255;339
set235_color;549;8;0;60.4963;322;119;422;119;322;319;422;319
set235_color;550;8;0;60.2539;321;120;420;120;321;317;420;317
set235_color;551;8;0;58.9777;149;88;270;88;149;332;270;332
set235_color;551;8;0;58.9777;293;35;438;35;293;327;438;327
set235_color;552;8;0;59.3278;148;84;273;84;148;335;273;335
set235_color;552;8;0;59.3278;304;115;404;115;304;315;404;315
set235_color;553;8;0;59.536;158;88;273;88;158;322;273;322
set235_color;553;8;0;59.536;304;115;399;115;304;306;399;306
set235_color;554;8;0;54.9819;304;118;397;118;304;305;397;305
set235_color;554;8;0;54.9819;161;81;290;81;161;338;290;338
set235_color;555;8;0;63.7598;165;91;287;91;165;336;287;336
set235_color;555;8;0;63.7598;292;114;392;114;292;314;392;314
set235_color;556;8;0;60.8488;166;79;296;79;166;340;296;340
set235_color;556;8;0;60.8488;289;113;386;113;289;309;386;309
set235_color;557;8;0;58.8792;178;91;297;91;178;331;297;331
set235_color;557;8;0;58.8792;280;107;388;107;280;324;388;324
set235_color;558;8;0;60.6838;265;104;380;104;265;334;380;334
set235_color;558;8;0;60.6838;180;72;311;72;180;334;311;334
set235_color;559;8;0;58.2572;266;109;375;109;266;328;375;328
set235_color;559;8;0;58.2572;182;70;317;70;182;340;317;340
set235_color;560;8;0;58.7611;265;111;365;111;265;314;365;314
set235_color;560;8;0;58.7611;196;61;332;61;196;334;332;334
set235_color;561;8;0;62.7413;233;87;354;87;233;331;354;331
set235_color;562;8;0;60.9297;213;57;355;57;213;342;355;342
set235_color;563;8;0;59.4266;224;68;356;68;224;334;356;334
set235_color;564;8;0;58.7005;223;59;370;59;223;351;370;351
set235_color;565;8;0;59.7636;228;59;372;59;228;349;372;349
set235_color;567;8;0;58.14;209;101;321;101;209;327;321;327
set235_color;568;8;0;66.0714;262;53;404;53;262;338;404;338
set235_color;568;8;0;66.0714;213;115;317;115;213;324;317;324
set235_color;569;8;0;61.9304;208;113;311;113;208;321;311;321
set235_color;569;8;0;61.9304;271;50;406;50;271;322;406;322
set235_color;570;8;0;59.839;196;102;309;102;196;329;309;329
set235_color;570;8;0;59.839;283;53;422;53;283;330;422;330
set235_color;571;8;0;65.1803;291;50;430;50;291;329;430;329
set235_color;571;8;0;65.1803;196;105;301;105;196;315;301;315
set235_color;572;8;0;57.8005;302;50;440;50;302;325;440;325
set235_color;572;8;0;57.8005;188;98;298;98;188;321;298;321
set235_color;573;8;0;58.4593;184;97;290;97;184;311;290;311
set235_color;574;8;0;60.0272;178;93;291;93;178;319;291;319
set235_color;575;8;0;58.6051;169;88;290;88;169;332;290;332
set235_color;576;8;0;61.6185;352;35;504;35;352;338;504;338
set235_color;577;8;0;67.1126;156;89;278;89;156;336;278;336
set235_color;577;8;0;67.1126;357;32;510;32;357;340;510;340
set235_color;578;8;0;61.9415;364;40;511;40;364;336;511;336
set235_color;578;8;0;61.9415;148;80;274;80;148;333;274;333
set235_color;579;8;0;68.0765;374;36;521;36;374;331;521;331
set235_color;579;8;0;68.0765;145;83;270;83;145;334;270;334
set235_color;580;8;0;59.9044;377;35;529;35;377;338;529;338
set235_color;580;8;0;59.9044;140;89;255;89;140;323;255;323
set235_color;581;8;0;64.5993;130;81;256;81;130;333;256;333
set235_color;582;8;0;71.8514;126;84;252;84;126;336;252;336
set235_color;583;8;0;63.5621;116;72;247;72;116;336;247;336
set235_color;584;8;0;64.1417;110;72;246;72;110;345;246;345
set235_color;585;8;0;60.9843;101;71;233;71;101;337;233;337
set235_color;586;8;0;62.4392;94;57;236;57;94;339;236;339
set235_color;588;8;0;58.0624;93;78;223;78;93;339;223;339
set235_color;588;8;0;58.0624;492;81;618;81;492;334;618;334
set235_color;589;8;0;58.6758;85;74;219;74;85;343;219;343
set235_color;590;8;0;57.2839;70;48;218;48;70;344;218;344
set235_color;596;8;0;59.6441;46;189;120;189;46;337;120;337
set235_color;614;8;0;57.9763;96;156;162;156;96;290;162;290
set235_color;615;8;0;56.5192;97;153;166;153;97;295;166;295
set235_color;616;8;0;59.8584;33;139;133;139;33;342;133;342
set235_color;641;8;0;55.9274;227;179;300;179;227;324;300;324
set235_color;644;8;0;59.2413;236;146;318;146;236;311;318;311
set235_color;645;8;0;57.4353;364;23;439;23;364;175;439;175
set235_color;646;8;0;55.879;361;28;435;28;361;179;435;179
set235_color;646;8;0;55.879;250;153;329;153;250;314;329;314
set235_color;647;8;0;57.4118;357;33;431;33;357;184;431;184
set235_color;650;8;0;57.5103;278;154;361;154;278;322;361;322
set235_color;652;8;0;53.6556;276;124;373;124;276;320;373;320
set235_color;653;8;0;55.1751;286;124;385;124;286;321;385;321
set235_color;654;8;0;60.2292;283;107;391;107;283;324;391;324
set235_color;655;8;0;54.0162;287;97;400;97;287;326;400;326
set235_color;656;8;0;54.1614;301;110;401;110;301;314;401;314
set235_color;657;8;0;58.4183;302;94;414;94;302;320;414;320
set235_color;658;8;0;56.9826;318;94;418;94;318;293;418;293
set235_color;659;8;0;64.2874;317;97;423;97;317;313;423;313
set235_color;660;8;0;57.7489;382;24;520;24;382;301;520;301
set235_color;660;8;0;57.7489;323;102;427;102;323;311;427;311
set235_color;661;8;0;58.4364;377;26;525;26;377;324;525;324
set235_color;661;8;0;58.4364;397;130;505;130;397;347;505;347
set235_color;662;8;0;60.0907;375;27;527;27;375;331;527;331
set235_color;662;8;0;60.0907;332;94;446;94;332;324;446;324
set235_color;663;8;0;60.5563;377;27;529;27;377;330;529;330
set235_color;663;8;0;60.5563;332;94;446;94;332;324;446;324
set235_color;664;8;0;59.0695;377;27;529;27;377;330;529;330
set235_color;664;8;0;59.0695;343;102;446;102;343;309;446;309
set235_color;665;8;0;59.006;377;27;529;27;377;330;529;330
set235_color;665;8;0;59.006;351;101;456;101;351;314;456;314
set235_color;666;8;0;58.4771;357;109;456;109;357;308;456;308
set235_color;666;8;0;58.4771;375;35;524;35;375;334;524;334
set235_color;667;8;0;60.818;377;36;525;36;377;334;525;334
set235_color;669;8;0;59.4467;383;54;521;54;383;329;521;329
set235_color;670;8;0;60.4212;380;57;519;57;380;336;519;336
set235_color;671;8;0;59.1282;382;61;514;61;382;327;514;327
set235_color;672;8;0;57.0492;378;61;514;61;378;336;514;336
set235_color;673;8;0;66.1967;379;62;513;62;379;330;513;330
set235_color;674;8;0;67.6991;375;71;500;71;375;322;500;322
set235_color;675;8;0;64.2899;369;78;491;78;369;323;491;323
set235_color;676;8;0;63.9495;364;70;490;70;364;325;490;325
set235_color;677;8;0;62.7452;360;88;475;88;360;320;475;320
set235_color;678;8;0;61.2078;349;91;464;91;349;325;464;325
set235_color;679;8;0;58.4692;344;97;452;97;344;314;452;314
set235_color;680;8;0;67.0109;331;93;446;93;331;325;446;325
set235_color;681;8;0;55.5847;334;93;444;93;334;318;444;318
set235_color;682;8;0;58.3222;330;98;439;98;330;317;439;317
set235_color;683;8;0;61.5877;321;101;426;101;321;310;426;310
set235_color;684;8;0;58.5046;318;101;427;101;318;320;427;320
set235_color;685;8;0;64.4557;312;110;412;110;312;314;412;314
set235_color;686;8;0;57.8582;302;116;402;116;302;319;402;319
set235_color;687;8;0;62.9496;302;115;401;115;302;314;401;314
set235_color;688;8;0;57.0205;287;119;388;119;287;324;388;324
set235_color;689;8;0;57.5831;291;123;383;123;291;309;383;309
set235_color;690;8;0;54.1938;289;120;382;120;289;308;382;308
set235_color;691;8;0;59.8469;287;120;382;120;287;314;382;314
set235_color;692;8;0;59.6736;287;119;382;119;287;310;382;310
set235_color;693;8;0;58.3527;288;122;383;122;288;312;383;312
set235_color;694;8;0;60.2241;287;128;377;128;287;310;377;310
set235_color;695;8;0;57.8808;283;133;370;133;283;308;370;308
set235_color;696;8;0;56.7667;283;124;379;124;283;318;379;318
set235_color;697;8;0;58.5806;283;115;388;115;283;324;388;324
set235_color;698;8;0;58.7149;286;116;387;116;286;320;387;320
set235_color;699;8;0;58.3246;287;119;387;119;287;322;387;322
set235_color;700;8;0;61.7922;288;132;383;132;288;320;383;320
set235_color;702;8;0;57.3031;305;144;388;144;305;310;388;310
set235_color;703;8;0;56.9147;309;145;392;145;309;313;392;313
set235_color;704;8;0;55.9985;309;146;393;146;309;316;393;316
set235_color;704;8;0;55.9985;276;170;350;170;276;321;350;321
set235_color;705;8;0;57.6042;314;148;396;148;314;313;396;313
set235_color;706;8;0;56.7033;314;148;398;148;314;319;398;319
set235_color;707;8;0;57.9264;317;149;401;149;317;318;401;318
set235_color;708;8;0;58.0301;319;150;401;150;319;316;401;316
set235_color;709;8;0;59.811;206;109;307;109;206;314;307;314
set235_color;709;8;0;59.811;323;152;402;152;323;312;402;312
set235_color;710;8;0;56.2194;323;154;402;154;323;314;402;314
set235_color;711;8;0;61.2995;323;153;402;153;323;310;402;310
set235_color;712;8;0;57.9951;325;156;402;156;325;311;402;311
set235_color;713;8;0;58.5913;325;153;404;153;325;311;404;311
set235_color;714;8;0;59.7052;323;156;402;156;323;314;402;314
set235_color;715;8;0;57.3173;323;157;402;157;323;315;402;315
set235_color;716;8;0;59.0855;322;156;401;156;322;313;401;313
set235_color;717;8;0;56.7103;322;157;401;157;322;314;401;314
set235_color;718;8;0;56.6143;323;159;402;159;323;319;402;319
set235_color;719;8;0;60.5865;323;159;401;159;323;316;401;316
set235_color;720;8;0;59.0679;325;161;402;161;325;316;402;316
set235_color;721;8;0;58.5798;325;161;400;161;325;313;400;313
set235_color;722;8;0;58.348;114;102;222;102;114;318;222;318
set235_color;722;8;0;58.348;325;161;400;161;325;313;400;313
set235_color;723;8;0;57.0927;325;161;399;161;325;312;399;312
set235_color;724;8;0;59.1277;326;163;399;163;326;308;399;308
set235_color;725;8;0;61.736;327;163;397;163;327;305;397;305
set235_color;726;8;0;60.5768;85;98;191;98;85;314;191;314
set235_color;726;8;0;60.5768;325;162;399;162;325;309;399;309
set235_color;727;8;0;69.2523;85;104;182;104;85;299;182;299
set235_color;727;8;0;69.2523;325;165;394;165;325;303;394;303
set235_color;728;8;0;60.6887;75;97;181;97;75;311;181;311
set235_color;728;8;0;60.6887;326;165;395;165;326;305;395;305
set235_color;729;8;0;60.3706;61;96;170;96;61;315;170;315
set235_color;729;8;0;60.3706;318;163;389;163;318;307;389;307
set235_color;730;8;0;56.9941;58;93;171;93;58;320;171;320
set235_color;730;8;0;56.9941;318;163;389;163;318;307;389;307
set235_color;731;8;0;60.3697;49;92;164;92;49;323;164;323
set235_color;731;8;0;60.3697;314;165;385;165;314;309;385;309
set235_color;732;8;0;58.6098;306;163;381;163;306;315;381;315
set235_color;733;8;0;59.1561;305;166;382;166;305;321;382;321
set235_color;734;8;0;62.3431;299;166;374;166;299;318;374;318
set235_color;735;8;0;56.3589;289;167;364;167;289;319;364;319
set235_color;736;8;0;58.88;22;70;151;70;22;329;151;329
set235_color;736;8;0;58.88;288;166;365;166;288;319;365;319
set235_color;736;8;0;58.88;96;156;162;156;96;290;162;290
set235_color;737;8;0;65.6338;283;169;358;169;283;321;358;321
set235_color;737;8;0;65.6338;100;153;169;153;100;291;169;291
set235_color;738;8;0;59.4768;22;70;151;70;22;329;151;329
set235_color;738;8;0;59.4768;283;169;360;169;283;322;360;322
set235_color;739;8;0;63.6233;282;169;356;169;282;320;356;320
set235_color;739;8;0;63.6233;27;156;111;156;27;325;111;325
set235_color;740;8;0;59.4341;26;153;116;153;26;334;116;334
set235_color;740;8;0;59.4341;279;167;353;167;279;318;353;318
set235_color;741;8;0;59.5039;278;167;352;167;278;318;352;318
set235_color;742;8;0;59.2547;23;63;159;63;23;335;159;335
set235_color;742;8;0;59.2547;282;169;355;169;282;316;355;316
set235_color;743;8;0;58.8771;275;169;349;169;275;317;349;317
set235_color;743;8;0;58.8771;37;153;130;153;37;341;130;341
set235_color;744;8;0;59.0901;274;169;348;169;274;317;348;317
set235_color;745;8;0;62.3646;270;167;345;167;270;319;345;319
set235_color;746;8;0;60.4891;265;167;340;167;265;319;340;319
set235_color;747;8;0;57.7664;257;163;336;163;257;320;336;320
set235_color;748;8;0;55.8396;254;163;333;163;254;323;333;323
set235_color;749;8;0;56.6077;248;162;330;162;248;326;330;326
set235_color;750;8;0;59.4412;249;162;329;162;249;324;329;324
set235_color;750;8;0;59.4412;70;76;139;76;70;214;139;214
set235_color;751;8;0;59.3528;248;162;328;162;248;324;328;324
set235_color;752;8;0;67.0659;248;165;323;165;248;317;323;317
set235_color;753;8;0;60.4393;246;166;323;166;246;321;323;321
set235_color;754;8;0;59.4069;97;153;166;153;97;295;166;295
set235_color;754;8;0;59.4069;246;165;325;165;246;323;325;323
set235_color;755;8;0;56.0971;97;152;170;152;97;299;170;299
set235_color;755;8;0;56.0971;246;165;325;165;246;325;325;325
set235_color;756;8;0;55.6418;248;162;330;162;248;326;330;326
set235_color;757;8;0;58.9543;250;163;329;163;250;320;329;320
set235_color;758;8;0;55.6048;250;163;329;163;250;323;329;323
set235_color;759;8;0;57.3579;249;163;329;163;249;325;329;325
set235_color;760;8;0;59.4608;250;165;332;165;250;331;332;331
set235_color;761;8;0;62.9545;252;165;334;165;252;330;334;330
set235_color;762;8;0;57.3473;254;165;333;165;254;325;333;325
set235_color;763;8;0;62.1294;257;163;337;163;257;325;337;325
set235_color;764;8;0;56.0192;261;165;339;165;261;322;339;322
set235_color;765;8;0;55.6261;265;169;339;169;265;320;339;320
set235_color;766;8;0;56.2977;265;169;340;169;265;321;340;321
set235_color;767;8;0;57.2773;211;74;336;74;211;323;336;323
set235_color;768;8;0;57.7665;215;71;342;71;215;327;342;327
set235_color;770;8;0;57.4492;235;93;350;93;235;324;350;324
set235_color;771;8;0;61.2021;241;94;354;94;241;320;354;320
set235_color;772;8;0;58.9032;246;94;356;94;246;316;356;316
set235_color;775;8;0;55.9783;269;106;373;106;269;315;373;315
set235_color;776;8;0;62.0873;267;101;372;101;267;314;372;314
set235_color;778;8;0;62.5003;276;93;391;93;276;324;391;324
set235_color;779;8;0;59.3517;284;153;368;153;284;324;368;324
set235_color;780;8;0;60.4275;284;156;368;156;284;324;368;324
set235_color;781;8;0;57.9095;284;171;358;171;284;320;358;320
set235_color;782;8;0;59.6367;286;167;363;167;286;320;363;320
set235_color;783;8;0;66.0699;289;171;364;171;289;323;364;323
set235_color;784;8;0;62.976;291;169;366;169;291;321;366;321
set235_color;785;8;0;63.5899;292;169;366;169;292;318;366;318
set235_color;786;8;0;62.1333;295;167;372;167;295;322;372;322
set235_color;787;8;0;61.3135;334;96;446;96;334;322;446;322
set235_color;787;8;0;61.3135;296;166;371;166;296;318;371;318
set235_color;788;8;0;78.506;297;165;375;165;297;322;375;322
set235_color;789;8;0;74.64;296;166;371;166;296;318;371;318
set235_color;790;8;0;65.2072;297;165;372;165;297;317;372;317
set235_color;791;8;0;69.0155;300;165;374;165;300;313;374;313
set235_color;792;8;0;66.1287;305;170;376;170;305;313;376;313
set235_color;793;8;0;62.6042;370;104;475;104;370;318;475;318
set235_color;793;8;0;62.6042;302;166;376;166;302;318;376;318
set235_color;794;8;0;64.8486;377;106;482;106;377;316;482;316
set235_color;794;8;0;64.8486;304;166;378;166;304;315;378;315
set235_color;795;8;0;58.5306;305;166;379;166;305;315;379;315
set235_color;796;8;0;56.7217;308;167;381;167;308;314;381;314
set235_color;797;8;0;57.7515;309;162;383;162;309;311;383;311
set235_color;798;8;0;59.8826;310;161;385;161;310;313;385;313
set235_color;799;8;0;59.1602;310;159;385;159;310;311;385;311
set235_color;800;8;0;59.0086;310;157;389;157;310;319;389;319
set235_color;801;8;0;55.8985;312;157;391;157;312;314;391;314
set235_color;802;8;0;59.8427;315;157;392;157;315;312;392;312
set235_color;803;8;0;59.1994;317;156;395;156;317;313;395;313
set235_color;804;8;0;54.5795;319;153;398;153;319;311;398;311
set235_color;805;8;0;61.9414;322;156;400;156;322;312;400;312
set235_color;806;8;0;56.0237;322;156;400;156;322;312;400;312
set235_color;807;8;0;57.1617;323;157;402;157;323;317;402;317
set235_color;808;8;0;57.7722;326;156;405;156;326;317;405;317
set235_color;809;8;0;59.386;325;152;407;152;325;317;407;317
set235_color;810;8;0;60.7943;325;150;409;150;325;318;409;318
set235_color;811;8;0;58.1221;325;146;409;146;325;315;409;315
set235_color;812;8;0;57.6675;326;149;408;149;326;315;408;315
set235_color;813;8;0;54.445;325;145;409;145;325;315;409;315
set235_color;814;8;0;59.8307;325;148;408;148;325;316;408;316
set235_color;815;8;0;59.1646;325;150;405;150;325;312;405;312
set235_color;816;8;0;70.3766;325;153;404;153;325;311;404;311
set235_color;817;8;0;80.5168;319;149;401;149;319;313;401;313
set235_color;818;8;0;85.2308;315;144;399;144;315;317;399;317
set235_color;819;8;0;55.8518;308;131;401;131;308;319;401;319
set235_color;820;8;0;59.1841;308;135;398;135;308;317;398;317
set235_color;821;8;0;55.0383;304;130;399;130;304;320;399;320
set235_color;822;8;0;55.0538;304;126;399;126;304;314;399;314
set235_color;823;8;0;57.2356;299;123;395;123;299;317;395;317
set235_color;824;8;0;55.5275;297;123;389;123;297;309;389;309
set235_color;825;8;0;61.3047;291;123;387;123;291;317;387;317
set235_color;826;8;0;63.5643;287;123;387;123;287;323;387;323
set235_color;827;8;0;64.6198;286;120;385;120;286;319;385;319
set235_color;828;8;0;61.4352;283;114;383;114;283;315;383;315
set235_color;829;8;0;65.2157;273;105;378;105;273;319;378;319
set235_color;830;8;0;63.4966;269;102;373;102;269;311;373;311
set235_color;831;8;0;69.223;267;107;372;107;267;319;372;319
set235_color;832;8;0;67.8124;256;98;368;98;256;324;368;324
set235_color;833;8;0;63.2852;248;98;358;98;248;320;358;320
set235_color;834;8;0;69.0043;241;93;356;93;241;327;356;327
set235_color;834;8;0;69.0043;370;119;467;119;370;314;467;314
set235_color;835;8;0;71.7214;233;88;347;88;233;318;347;318
set235_color;835;8;0;71.7214;371;128;466;128;371;318;466;318
set235_color;836;8;0;69.3794;227;105;337;105;227;326;337;326
set235_color;837;8;0;65.5223;223;93;333;93;223;312;333;312
set235_color;837;8;0;65.5223;362;127;455;127;362;315;455;315
set235_color;838;8;0;62.6171;215;79;329;79;215;309;329;309
set235_color;838;8;0;62.6171;364;131;454;131;364;310;454;310
set235_color;839;8;0;65.2181;205;76;327;76;205;321;327;321
set235_color;840;8;0;57.9428;200;72;319;72;200;311;319;311
set235_color;841;8;0;59.9065;188;68;314;68;188;324;314;324
set235_color;842;8;0;57.3684;183;67;310;67;183;323;310;323
set235_color;843;8;0;57.3621;176;76;299;76;176;323;299;323
set235_color;844;8;0;55.2882;161;48;305;48;161;336;305;336
set235_color;844;8;0;55.2882;325;135;407;135;325;300;407;300
set235_color;845;8;0;58.7187;144;37;297;37;144;345;297;345
set235_color;845;8;0;58.7187;308;118;400;118;308;305;400;305
set235_color;846;8;0;60.0139;145;40;281;40;145;315;281;315
set235_color;847;8;0;58.4113;137;37;277;37;137;318;277;318
set235_color;848;8;0;56.6286;124;44;272;44;124;342;272;342
set235_color;849;8;0;57.9262;116;45;263;45;116;337;263;337
set235_color;849;8;0;57.9262;286;114;387;114;286;319;387;319
set235_color;850;8;0;54.9349;98;27;254;27;98;339;254;339
set235_color;851;8;0;58.2812;85;26;232;26;85;318;232;318
set235_color;851;8;0;58.2812;283;132;371;132;283;310;371;310
set235_color;852;8;0;54.0838;273;123;369;123;273;318;369;318
set235_color;855;8;0;56.7669;253;114;354;114;253;319;354;319
set235_color;861;8;0;57.2862;206;109;311;109;206;319;311;319
set235_color;864;8;0;57.6991;195;116;295;116;195;319;295;319
set235_color;865;8;0;58.8155;183;101;293;101;183;322;293;322
set235_color;866;8;0;57.8275;179;106;284;106;179;319;284;319
set235_color;867;8;0;55.3512;176;107;280;107;176;316;280;316
set235_color;868;8;0;59.657;171;104;276;104;171;316;276;316
set235_color;872;8;0;56.2576;152;98;261;98;152;317;261;317
set235_color;875;8;0;57.4869;132;88;249;88;132;323;249;323
set235_color;876;8;0;58.5131;128;85;243;85;128;317;243;317
set235_color;877;8;0;57.1309;130;89;235;89;130;302;235;302
set235_color;878;8;0;63.8163;122;85;237;85;122;315;237;315
set235_color;879;8;0;62.6677;109;83;232;83;109;331;232;331
set235_color;880;8;0;66.1516;109;83;226;83;109;318;226;318
set235_color;881;8;0;61.7939;94;72;226;72;94;338;226;338
set235_color;882;8;0;65.001;91;66;229;66;91;343;229;343
set235_color;883;8;0;61.1019;85;63;220;63;85;333;220;333
set235_color;884;8;0;63.7944;83;58;225;58;83;341;225;341
set235_color;885;8;0;62.557;81;58;220;58;81;336;220;336
set235_color;886;8;0;59.5076;80;52;222;52;80;337;222;337
set235_color;887;8;0;59.7848;85;55;225;55;85;336;225;336
set235_color;888;8;0;54.3623;81;49;228;49;81;344;228;344
set235_color;889;8;0;55.8362;83;46;230;46;83;341;230;341
set235_color;890;8;0;59.367;83;44;231;44;83;342;231;342
set235_color;891;8;0;60.9748;94;52;236;52;94;334;236;334
set235_color;892;8;0;54.045;93;48;237;48;93;336;237;336
set235_color;893;8;0;57.284;93;40;237;40;93;328;237;328
