set67_color;22;8;1;0;514;72;615;72;514;333;615;333
set67_color;23;8;1;0;507;70;593;70;507;337;593;337
set67_color;24;8;1;0;512;71;597;71;512;335;597;335
set67_color;25;8;1;0;500;64;594;64;500;333;594;333
set67_color;26;8;1;0;502;60;590;60;502;335;590;335
set67_color;27;8;1;0;495;57;582;57;495;332;582;332
set67_color;28;8;1;0;477;56;577;56;477;334;577;334
set67_color;29;8;1;0;458;53;566;53;458;334;566;334
set67_color;30;8;1;0;442;49;568;49;442;335;568;335
set67_color;31;8;1;0;444;51;556;51;444;337;556;337
set67_color;32;8;1;0;439;45;551;45;439;336;551;336
set67_color;33;8;1;0;440;44;539;44;440;336;539;336
set67_color;34;8;1;0;433;40;529;40;433;337;529;337
set67_color;35;8;1;0;422;35;528;35;422;339;528;339
set67_color;36;8;1;0;418;33;519;33;418;339;519;339
set67_color;37;8;1;0;406;29;514;29;406;344;514;344
set67_color;38;8;1;0;404;25;521;25;404;344;521;344
set67_color;39;8;1;0;391;24;500;24;391;344;500;344
set67_color;40;8;1;0;385;22;509;22;385;346;509;346
set67_color;41;8;1;0;384;23;501;23;384;346;501;346
set67_color;42;8;1;0;375;22;478;22;375;346;478;346
set67_color;43;8;1;0;359;20;464;20;359;348;464;348
set67_color;44;8;1;0;347;24;459;24;347;348;459;348
set67_color;45;8;1;0;306;21;454;21;306;348;454;348
set67_color;46;8;1;0;300;17;447;17;300;353;447;353
set67_color;47;8;1;0;279;20;433;20;279;351;433;351
set67_color;48;8;1;0;264;17;424;17;264;353;424;353
set67_color;49;8;1;0;275;22;409;22;275;351;409;351
set67_color;50;8;1;0;271;23;397;23;271;350;397;350
set67_color;51;8;1;0;271;24;378;24;271;353;378;353
set67_color;52;8;1;0;251;19;367;19;251;355;367;355
set67_color;53;8;1;0;242;21;354;21;242;359;354;359
set67_color;54;8;1;0;212;20;339;20;212;359;339;359
set67_color;55;8;1;0;178;23;342;23;178;361;342;361
set67_color;56;8;1;0;146;18;331;18;146;364;331;364
set67_color;57;8;1;0;156;19;328;19;156;372;328;372
set67_color;58;8;1;0;139;23;304;23;139;371;304;371
set67_color;59;8;1;0;127;23;307;23;127;375;307;375
set67_color;60;8;1;0;137;22;263;22;137;373;263;373
set67_color;61;8;1;0;101;19;238;19;101;366;238;366
set67_color;62;8;1;0;71;15;227;15;71;368;227;368
set67_color;81;8;1;0;208;23;399;23;208;385;399;385
set67_color;82;8;1;0;215;22;397;22;215;382;397;382
set67_color;83;8;1;0;215;20;405;20;215;378;405;378
set67_color;84;8;1;0;228;20;406;20;228;386;406;386
set67_color;85;8;1;0;215;20;417;20;215;384;417;384
set67_color;86;8;1;0;222;19;400;19;222;384;400;384
set67_color;87;8;1;0;226;16;391;16;226;377;391;377
set67_color;88;8;1;0;226;22;384;22;226;376;384;376
set67_color;89;8;1;0;226;22;385;22;226;367;385;367
set67_color;90;8;1;0;225;18;382;18;225;361;382;361
set67_color;91;8;1;0;229;15;379;15;229;357;379;357
set67_color;92;8;1;0;226;17;366;17;226;359;366;359
set67_color;93;8;1;0;223;24;366;24;223;355;366;355
set67_color;94;8;1;0;219;24;366;24;219;355;366;355
set67_color;95;8;1;0;223;18;352;18;223;353;352;353
set67_color;96;8;1;0;221;18;351;18;221;355;351;355
set67_color;97;8;1;0;223;22;348;22;223;351;348;351
set67_color;98;8;1;0;223;22;339;22;223;347;339;347
set67_color;99;8;1;0;225;20;339;20;225;344;339;344
set67_color;100;8;1;0;219;23;327;23;219;342;327;342
set67_color;101;8;1;0;213;22;323;22;213;343;323;343
set67_color;102;8;1;0;204;32;316;32;204;349;316;349
set67_color;103;8;1;0;200;33;305;33;200;345;305;345
set67_color;104;8;1;0;202;34;305;34;202;343;305;343
set67_color;105;8;1;0;201;38;294;38;201;341;294;341
set67_color;106;8;1;0;196;42;293;42;196;337;293;337
set67_color;107;8;1;0;192;45;286;45;192;339;286;339
set67_color;108;8;1;0;191;47;279;47;191;335;279;335
set67_color;109;8;1;0;185;47;280;47;185;338;280;338
set67_color;110;8;1;0;180;48;279;48;180;336;279;336
set67_color;111;8;1;0;180;52;279;52;180;337;279;337
set67_color;112;8;1;0;177;54;273;54;177;335;273;335
set67_color;113;8;1;0;177;60;270;60;177;336;270;336
set67_color;114;8;1;0;175;61;269;61;175;337;269;337
set67_color;115;8;1;0;175;72;258;72;175;332;258;332
set67_color;116;8;1;0;170;77;262;77;170;334;262;334
set67_color;117;8;1;0;172;75;264;75;172;331;264;331
set67_color;118;8;1;0;170;78;256;78;170;326;256;326
set67_color;119;8;1;0;170;79;259;79;170;328;259;328
set67_color;120;8;1;0;169;80;251;80;169;327;251;327
set67_color;121;8;1;0;167;83;248;83;167;329;248;329
set67_color;122;8;1;0;165;88;246;88;165;329;246;329
set67_color;123;8;1;0;165;92;245;92;165;326;245;326
set67_color;124;8;1;0;160;90;239;90;160;326;239;326
set67_color;125;8;1;0;157;93;236;93;157;329;236;329
set67_color;126;8;1;0;155;94;236;94;155;327;236;327
set67_color;127;8;1;0;152;97;236;97;152;329;236;329
set67_color;128;8;1;0;156;98;228;98;156;322;228;322
set67_color;129;8;1;0;155;101;222;101;155;326;222;326
set67_color;130;8;1;0;153;99;226;99;153;324;226;324
set67_color;131;8;1;0;154;101;227;101;154;326;227;326
set67_color;132;8;1;0;155;99;227;99;155;328;227;328
set67_color;133;8;1;0;157;102;226;102;157;324;226;324
set67_color;134;8;1;0;155;101;228;101;155;327;228;327
set67_color;135;8;1;0;157;102;228;102;157;325;228;325
set67_color;136;8;1;0;157;102;228;102;157;324;228;324
set67_color;137;8;1;0;158;99;228;99;158;327;228;327
set67_color;138;8;1;0;159;104;230;104;159;324;230;324
set67_color;139;8;1;0;158;105;228;105;158;324;228;324
set67_color;140;8;1;0;155;104;231;104;155;327;231;327
set67_color;141;8;1;0;157;104;234;104;157;328;234;328
set67_color;142;8;1;0;157;104;235;104;157;326;235;326
set67_color;143;8;1;0;155;103;236;103;155;325;236;325
set67_color;144;8;1;0;158;105;235;105;158;325;235;325
set67_color;145;8;1;0;162;107;235;107;162;326;235;326
set67_color;146;8;1;0;162;108;240;108;162;323;240;323
set67_color;147;8;1;0;159;104;237;104;159;330;237;330
set67_color;148;8;1;0;160;105;235;105;160;325;235;325
set67_color;149;8;1;0;158;106;238;106;158;326;238;326
set67_color;150;8;1;0;159;108;237;108;159;324;237;324
set67_color;151;8;1;0;159;106;237;106;159;326;237;326
set67_color;152;8;1;0;158;101;239;101;158;328;239;328
set67_color;153;8;1;0;152;95;239;95;152;331;239;331
set67_color;154;8;1;0;143;96;233;96;143;331;233;331
set67_color;155;8;1;0;152;87;224;87;152;324;224;324
set67_color;155;8;1;0;4;11;207;11;4;412;207;412
set67_color;156;8;1;0;148;85;226;85;148;326;226;326
set67_color;157;8;1;0;145;83;231;83;145;323;231;323
set67_color;158;8;1;0;145;84;226;84;145;323;226;323
set67_color;159;8;1;0;135;91;224;91;135;330;224;330
set67_color;160;8;1;0;133;92;217;92;133;321;217;321
set67_color;161;8;1;0;122;87;208;87;122;328;208;328
set67_color;162;8;1;0;117;85;202;85;117;325;202;325
set67_color;163;8;1;0;111;80;191;80;111;324;191;324
set67_color;164;8;1;0;108;85;185;85;108;336;185;336
set67_color;165;8;1;0;91;85;183;85;91;326;183;326
set67_color;166;8;1;0;89;85;182;85;89;327;182;327
set67_color;167;8;1;0;82;82;179;82;82;328;179;328
set67_color;168;8;1;0;75;90;171;90;75;318;171;318
set67_color;169;8;1;0;69;79;164;79;69;317;164;317
set67_color;170;8;1;0;65;80;141;80;65;308;141;308
set67_color;171;8;1;0;51;84;126;84;51;319;126;319
set67_color;172;8;1;0;42;84;119;84;42;325;119;325
set67_color;173;8;1;0;35;84;118;84;35;324;118;324
set67_color;174;8;1;0;33;86;111;86;33;327;111;327
set67_color;175;8;1;0;19;86;109;86;19;326;109;326
set67_color;176;8;1;0;10;81;90;81;10;347;90;347
set67_color;177;8;1;0;5;79;88;79;5;343;88;343
set67_color;178;8;1;0;1;76;74;76;1;352;74;352
set67_color;195;8;1;0;27;86;74;86;27;323;74;323
set67_color;196;8;1;0;26;88;85;88;26;323;85;323
set67_color;205;8;1;0;108;26;294;26;108;389;294;389
set67_color;206;8;1;0;160;24;310;24;160;382;310;382
set67_color;206;8;1;0;63;81;126;81;63;328;126;328
set67_color;207;8;1;0;66;80;135;80;66;324;135;324
set67_color;207;8;1;0;181;23;335;23;181;379;335;379
set67_color;208;8;1;0;64;82;137;82;64;322;137;322
set67_color;208;8;1;0;188;22;358;22;188;375;358;375
set67_color;209;8;1;0;195;23;370;23;195;380;370;380
set67_color;209;8;1;0;66;81;153;81;66;328;153;328
set67_color;210;8;1;0;72;81;172;81;72;328;172;328
set67_color;210;8;1;0;201;22;388;22;201;373;388;373
set67_color;211;8;1;0;217;17;383;17;217;374;383;374
set67_color;211;8;1;0;79;81;186;81;79;334;186;334
set67_color;212;8;1;0;85;81;188;81;85;326;188;326
set67_color;212;8;1;0;231;23;401;23;231;366;401;366
set67_color;213;8;1;0;275;24;402;24;275;362;402;362
set67_color;213;8;1;0;82;83;191;83;82;335;191;335
set67_color;214;8;1;0;286;22;405;22;286;357;405;357
set67_color;214;8;1;0;98;84;193;84;98;331;193;331
set67_color;215;8;1;0;302;19;414;19;302;360;414;360
set67_color;215;8;1;0;79;79;195;79;79;333;195;333
set67_color;216;8;1;0;115;82;192;82;115;322;192;322
set67_color;216;8;1;0;301;20;432;20;301;349;432;349
set67_color;217;8;1;0;306;17;449;17;306;354;449;354
set67_color;217;8;1;0;117;79;208;79;117;328;208;328
set67_color;218;8;1;0;129;79;215;79;129;326;215;326
set67_color;218;8;1;0;305;19;452;19;305;354;452;354
set67_color;219;8;1;0;311;22;455;22;311;354;455;354
set67_color;219;8;1;0;140;81;217;81;140;328;217;328
set67_color;220;8;1;0;143;81;235;81;143;328;235;328
set67_color;220;8;1;0;317;26;466;26;317;348;466;348
set67_color;221;8;1;0;337;22;472;22;337;346;472;346
set67_color;221;8;1;0;148;77;244;77;148;326;244;326
set67_color;222;8;1;0;155;79;251;79;155;326;251;326
set67_color;222;8;1;0;364;19;482;19;364;346;482;346
set67_color;223;8;1;0;371;22;490;22;371;346;490;346
set67_color;223;8;1;0;161;77;246;77;161;325;246;325
set67_color;224;8;1;0;168;73;262;73;168;331;262;331
set67_color;224;8;1;0;381;19;504;19;381;342;504;342
set67_color;225;8;1;0;389;19;513;19;389;342;513;342
set67_color;225;8;1;0;177;71;259;71;177;329;259;329
set67_color;226;8;1;0;393;24;512;24;393;342;512;342
set67_color;226;8;1;0;186;67;260;67;186;328;260;328
set67_color;227;8;1;0;192;68;269;68;192;329;269;329
set67_color;227;8;1;0;407;28;515;28;407;346;515;346
set67_color;228;8;1;0;411;31;527;31;411;342;527;342
set67_color;228;8;1;0;194;62;285;62;194;334;285;334
set67_color;229;8;1;0;199;64;301;64;199;333;301;333
set67_color;229;8;1;0;420;40;524;40;420;342;524;342
set67_color;230;8;1;0;432;40;526;40;432;340;526;340
set67_color;230;8;1;0;199;58;297;58;199;333;297;333
set67_color;231;8;1;0;207;59;306;59;207;333;306;333
set67_color;231;8;1;0;442;39;531;39;442;337;531;337
set67_color;232;8;1;0;448;43;535;43;448;341;535;341
set67_color;232;8;1;0;216;55;321;55;216;336;321;336
set67_color;233;8;1;0;213;55;309;55;213;331;309;331
set67_color;233;8;1;0;458;46;548;46;458;337;548;337
set67_color;234;8;1;0;461;51;553;51;461;336;553;336
set67_color;234;8;1;0;230;49;315;49;230;334;315;334
set67_color;235;8;1;0;227;43;315;43;227;333;315;333
set67_color;235;8;1;0;462;53;556;53;462;340;556;340
set67_color;236;8;1;0;472;59;555;59;472;339;555;339
set67_color;236;8;1;0;228;40;321;40;228;331;321;331
set67_color;237;8;1;0;231;42;324;42;231;333;324;333
set67_color;237;8;1;0;480;64;565;64;480;331;565;331
set67_color;238;8;1;0;230;35;331;35;230;338;331;338
set67_color;238;8;1;0;479;58;579;58;479;332;579;332
set67_color;239;8;1;0;233;32;328;32;233;336;328;336
set67_color;239;8;1;0;493;58;579;58;493;329;579;329
set67_color;240;8;1;0;502;62;584;62;502;331;584;331
set67_color;240;8;1;0;237;30;333;30;237;340;333;340
set67_color;241;8;1;0;235;25;329;25;235;340;329;340
set67_color;241;8;1;0;510;64;591;64;510;330;591;330
set67_color;242;8;1;0;236;23;337;23;236;344;337;344
set67_color;242;8;1;0;520;64;597;64;520;333;597;333
set67_color;243;8;1;0;526;65;591;65;526;329;591;329
set67_color;243;8;1;0;237;24;333;24;237;344;333;344
set67_color;244;8;1;0;234;19;330;19;234;342;330;342
set67_color;244;8;1;0;527;71;598;71;527;332;598;332
set67_color;245;8;1;0;532;72;595;72;532;332;595;332
set67_color;245;8;1;0;234;21;337;21;234;347;337;347
set67_color;246;8;1;0;228;20;336;20;228;341;336;341
set67_color;246;8;1;0;528;75;601;75;528;327;601;327
set67_color;247;8;1;0;229;20;335;20;229;349;335;349
set67_color;247;8;1;0;524;74;606;74;524;332;606;332
set67_color;248;8;1;0;531;78;604;78;531;330;604;330
set67_color;248;8;1;0;222;19;328;19;222;349;328;349
set67_color;249;8;1;0;227;24;329;24;227;352;329;352
set67_color;249;8;1;0;539;77;614;77;539;330;614;330
set67_color;250;8;1;0;539;74;609;74;539;328;609;328
set67_color;250;8;1;0;220;22;327;22;220;354;327;354
set67_color;251;8;1;0;222;17;337;17;222;357;337;357
set67_color;251;8;1;0;537;77;615;77;537;331;615;331
set67_color;252;8;1;0;209;22;342;22;209;357;342;357
set67_color;253;8;1;0;210;20;332;20;210;357;332;357
set67_color;254;8;1;0;204;22;332;22;204;357;332;357
set67_color;255;8;1;0;196;22;327;22;196;357;327;357
set67_color;256;8;1;0;169;22;324;22;169;364;324;364
set67_color;257;8;1;0;142;24;318;24;142;372;318;372
set67_color;258;8;1;0;148;22;311;22;148;365;311;365
set67_color;259;8;1;0;133;24;298;24;133;371;298;371
set67_color;260;8;1;0;128;17;297;17;128;368;297;368
set67_color;261;8;1;0;115;18;288;18;115;371;288;371
set67_color;262;8;1;0;119;24;277;24;119;371;277;371
set67_color;263;8;1;0;122;22;261;22;122;368;261;368
set67_color;264;8;1;0;104;22;259;22;104;373;259;373
set67_color;265;8;1;0;72;21;259;21;72;391;259;391
set67_color;266;8;1;0;75;20;235;20;75;386;235;386
set67_color;267;8;1;0;60;20;214;20;60;395;214;395
set67_color;268;8;1;0;534;78;612;78;534;328;612;328
set67_color;268;8;1;0;48;22;215;22;48;406;215;406
set67_color;269;8;1;0;26;17;213;17;26;413;213;413
set67_color;269;8;1;0;524;74;624;74;524;335;624;335
set67_color;270;8;1;0;522;78;619;78;522;335;619;335
set67_color;270;8;1;0;17;15;195;15;17;415;195;415
set67_color;271;8;1;0;12;13;173;13;12;419;173;419
set67_color;271;8;1;0;517;77;609;77;517;329;609;329
set67_color;272;8;1;0;515;75;599;75;515;327;599;327
set67_color;273;8;1;0;513;75;589;75;513;336;589;336
set67_color;274;8;1;0;497;75;587;75;497;329;587;329
set67_color;275;8;1;0;492;73;590;73;492;333;590;333
set67_color;276;8;1;0;493;72;577;72;493;332;577;332
set67_color;277;8;1;0;482;72;572;72;482;333;572;333
set67_color;278;8;1;0;480;67;568;67;480;331;568;331
set67_color;279;8;1;0;475;68;553;68;475;331;553;331
set67_color;280;8;1;0;463;64;539;64;463;335;539;335
set67_color;281;8;1;0;460;61;531;61;460;334;531;334
set67_color;282;8;1;0;439;58;526;58;439;338;526;338
set67_color;283;8;1;0;427;58;521;58;427;336;521;336
set67_color;284;8;1;0;419;61;519;61;419;337;519;337
set67_color;285;8;1;0;401;61;513;61;401;334;513;334
set67_color;286;8;1;0;401;57;508;57;401;339;508;339
set67_color;287;8;1;0;398;54;497;54;398;330;497;330
set67_color;288;8;1;0;392;52;484;52;392;334;484;334
set67_color;289;8;1;0;382;52;477;52;382;336;477;336
set67_color;290;8;1;0;382;48;475;48;382;334;475;334
set67_color;291;8;1;0;370;44;460;44;370;340;460;340
set67_color;292;8;1;0;368;44;461;44;368;337;461;337
set67_color;293;8;1;0;352;44;459;44;352;333;459;333
set67_color;294;8;1;0;351;40;444;40;351;339;444;339
set67_color;295;8;1;0;338;43;445;43;338;339;445;339
set67_color;296;8;1;0;330;33;431;33;330;338;431;338
set67_color;297;8;1;0;334;33;427;33;334;342;427;342
set67_color;298;8;1;0;324;28;418;28;324;339;418;339
set67_color;299;8;1;0;317;28;417;28;317;341;417;341
set67_color;300;8;1;0;307;26;409;26;307;341;409;341
set67_color;325;8;1;0;9;27;212;27;9;388;212;388
set67_color;326;8;1;0;27;12;199;12;27;393;199;393
set67_color;327;8;1;0;27;21;193;21;27;393;193;393
set67_color;328;8;1;0;40;15;202;15;40;391;202;391
set67_color;329;8;1;0;53;19;212;19;53;379;212;379
set67_color;330;8;1;0;62;19;217;19;62;384;217;384
set67_color;331;8;1;0;79;24;222;24;79;384;222;384
set67_color;332;8;1;0;88;22;223;22;88;359;223;359
set67_color;333;8;1;0;95;21;231;21;95;366;231;366
set67_color;334;8;1;0;105;15;232;15;105;359;232;359
set67_color;335;8;1;0;119;21;239;21;119;359;239;359
set67_color;336;8;1;0;124;15;242;15;124;357;242;357
set67_color;337;8;1;0;126;15;239;15;126;358;239;358
set67_color;338;8;1;0;131;19;243;19;131;355;243;355
set67_color;339;8;1;0;134;19;246;19;134;355;246;355
set67_color;340;8;1;0;151;22;258;22;151;347;258;347
set67_color;341;8;1;0;153;22;265;22;153;345;265;345
set67_color;342;8;1;0;164;29;266;29;164;345;266;345
set67_color;343;8;1;0;169;29;270;29;169;345;270;345
set67_color;344;8;1;0;171;42;273;42;171;344;273;344
set67_color;345;8;1;0;181;46;282;46;181;343;282;343
set67_color;346;8;1;0;182;51;278;51;182;344;278;344
set67_color;347;8;1;0;186;61;294;61;186;343;294;343
set67_color;348;8;1;0;195;61;295;61;195;337;295;337
set67_color;349;8;1;0;201;65;288;65;201;333;288;333
set67_color;350;8;1;0;206;68;288;68;206;338;288;338
set67_color;351;8;1;0;210;69;291;69;210;337;291;337
set67_color;352;8;1;0;214;70;298;70;214;335;298;335
set67_color;353;8;1;0;220;80;304;80;220;334;304;334
set67_color;354;8;1;0;228;87;307;87;228;331;307;331
set67_color;355;8;1;0;227;88;304;88;227;333;304;333
set67_color;356;8;1;0;231;93;311;93;231;332;311;332
set67_color;357;8;1;0;238;95;314;95;238;333;314;333
set67_color;358;8;1;0;239;95;317;95;239;331;317;331
set67_color;359;8;1;0;246;99;323;99;246;332;323;332
set67_color;360;8;1;0;251;99;324;99;251;329;324;329
set67_color;361;8;1;0;255;102;326;102;255;329;326;329
set67_color;362;8;1;0;260;107;326;107;260;329;326;329
set67_color;363;8;1;0;262;107;332;107;262;331;332;331
set67_color;364;8;1;0;262;111;334;111;262;329;334;329
set67_color;365;8;1;0;268;116;335;116;268;330;335;330
set67_color;366;8;1;0;275;115;344;115;275;325;344;325
set67_color;372;8;1;0;301;131;366;131;301;319;366;319
set67_color;373;8;1;0;303;131;363;131;303;326;363;326
set67_color;374;8;1;0;306;128;379;128;306;323;379;323
set67_color;375;8;1;0;309;134;378;134;309;325;378;325
set67_color;376;8;1;0;316;135;377;135;316;326;377;326
set67_color;377;8;1;0;317;138;381;138;317;324;381;324
set67_color;378;8;1;0;80;22;273;22;80;412;273;412
set67_color;378;8;1;0;317;141;378;141;317;331;378;331
set67_color;379;8;1;0;328;140;384;140;328;328;384;328
set67_color;379;8;1;0;80;22;266;22;80;408;266;408
set67_color;380;8;1;0;84;22;237;22;84;398;237;398
set67_color;380;8;1;0;328;148;388;148;328;326;388;326
set67_color;381;8;1;0;336;149;391;149;336;326;391;326
set67_color;381;8;1;0;64;23;229;23;64;382;229;382
set67_color;382;8;1;0;65;20;215;20;65;380;215;380
set67_color;382;8;1;0;337;148;395;148;337;325;395;325
set67_color;383;8;1;0;344;148;396;148;344;321;396;321
set67_color;383;8;1;0;59;15;205;15;59;381;205;381
set67_color;384;8;1;0;48;23;204;23;48;379;204;379
set67_color;384;8;1;0;344;157;397;157;344;325;397;325
set67_color;385;8;1;0;354;157;399;157;354;323;399;323
set67_color;385;8;1;0;41;15;202;15;41;384;202;384
set67_color;386;8;1;0;50;18;186;18;50;384;186;384
set67_color;386;8;1;0;361;157;404;157;361;318;404;318
set67_color;387;8;1;0;54;18;199;18;54;373;199;373
set67_color;388;8;1;0;55;22;195;22;55;364;195;364
set67_color;389;8;1;0;56;27;184;27;56;355;184;355
set67_color;390;8;1;0;58;22;186;22;58;355;186;355
set67_color;391;8;1;0;61;22;181;22;61;353;181;353
set67_color;392;8;1;0;60;23;186;23;60;354;186;354
set67_color;393;8;1;0;66;23;184;23;66;354;184;354
set67_color;394;8;1;0;68;15;178;15;68;353;178;353
set67_color;395;8;1;0;74;16;178;16;74;350;178;350
set67_color;396;8;1;0;75;23;169;23;75;345;169;345
set67_color;397;8;1;0;82;24;175;24;82;343;175;343
set67_color;398;8;1;0;84;33;185;33;84;343;185;343
set67_color;399;8;1;0;95;42;192;42;95;342;192;342
set67_color;400;8;1;0;93;49;204;49;93;342;204;342
set67_color;401;8;1;0;99;58;202;58;99;342;202;342
set67_color;402;8;1;0;102;62;211;62;102;341;211;341
set67_color;403;8;1;0;119;65;214;65;119;334;214;334
set67_color;404;8;1;0;123;66;221;66;123;335;221;335
set67_color;405;8;1;0;146;74;232;74;146;335;232;335
set67_color;406;8;1;0;148;72;235;72;148;335;235;335
set67_color;407;8;1;0;159;78;239;78;159;335;239;335
set67_color;408;8;1;0;166;82;244;82;166;334;244;334
set67_color;409;8;1;0;172;88;244;88;172;334;244;334
set67_color;410;8;1;0;174;95;248;95;174;330;248;330
set67_color;411;8;1;0;179;97;253;97;179;331;253;331
set67_color;412;8;1;0;188;101;257;101;188;330;257;330
set67_color;413;8;1;0;191;102;260;102;191;328;260;328
set67_color;414;8;1;0;202;106;265;106;202;332;265;332
set67_color;415;8;1;0;202;108;277;108;202;329;277;329
set67_color;416;8;1;0;207;113;281;113;207;327;281;327
set67_color;417;8;1;0;211;115;282;115;211;327;282;327
set67_color;418;8;1;0;215;118;286;118;215;326;286;326
set67_color;419;8;1;0;221;121;293;121;221;326;293;326
set67_color;420;8;1;0;232;120;297;120;232;325;297;325
set67_color;421;8;1;0;237;120;308;120;237;324;308;324
set67_color;422;8;1;0;245;124;307;124;245;326;307;326
set67_color;423;8;1;0;246;124;311;124;246;326;311;326
set67_color;424;8;1;0;255;128;315;128;255;324;315;324
set67_color;425;8;1;0;258;131;324;131;258;323;324;323
set67_color;426;8;1;0;263;133;324;133;263;324;324;324
set67_color;427;8;1;0;273;135;336;135;273;322;336;322
set67_color;428;8;1;0;274;135;338;135;274;323;338;323
set67_color;429;8;1;0;282;135;342;135;282;323;342;323
set67_color;430;8;1;0;286;136;348;136;286;323;348;323
set67_color;431;8;1;0;288;139;356;139;288;323;356;323
set67_color;432;8;1;0;289;142;356;142;289;324;356;324
set67_color;433;8;1;0;290;144;366;144;290;324;366;324
set67_color;434;8;1;0;293;141;368;141;293;322;368;322
set67_color;435;8;1;0;298;146;373;146;298;327;373;327
set67_color;436;8;1;0;313;147;366;147;313;322;366;322
set67_color;437;8;1;0;303;152;377;152;303;324;377;324
set67_color;438;8;1;0;305;159;373;159;305;326;373;326
set67_color;439;8;1;0;306;159;370;159;306;325;370;325
set67_color;440;8;1;0;302;162;371;162;302;327;371;327
set67_color;441;8;1;0;307;162;381;162;307;330;381;330
set67_color;442;8;1;0;306;161;391;161;306;328;391;328
set67_color;443;8;1;0;310;160;389;160;310;327;389;327
set67_color;444;8;1;0;311;160;397;160;311;323;397;323
set67_color;445;8;1;0;308;163;391;163;308;327;391;327
set67_color;446;8;1;0;311;162;391;162;311;325;391;325
set67_color;447;8;1;0;311;162;395;162;311;325;395;325
set67_color;448;8;1;0;311;159;393;159;311;325;393;325
set67_color;449;8;1;0;310;159;390;159;310;324;390;324
set67_color;450;8;1;0;312;160;388;160;312;323;388;323
set67_color;451;8;1;0;313;159;387;159;313;322;387;322
set67_color;452;8;1;0;315;153;376;153;315;322;376;322
set67_color;453;8;1;0;315;142;375;142;315;326;375;326
set67_color;454;8;1;0;314;136;381;136;314;324;381;324
set67_color;455;8;1;0;322;136;377;136;322;325;377;325
set67_color;456;8;1;0;317;137;379;137;317;326;379;326
set67_color;457;8;1;0;317;135;375;135;317;324;375;324
set67_color;458;8;1;0;319;135;373;135;319;324;373;324
set67_color;459;8;1;0;316;130;377;130;316;325;377;325
set67_color;460;8;1;0;317;127;377;127;317;325;377;325
set67_color;461;8;1;0;316;125;373;125;316;326;373;326
set67_color;462;8;1;0;315;124;379;124;315;326;379;326
set67_color;463;8;1;0;314;120;379;120;314;328;379;328
set67_color;464;8;1;0;315;122;381;122;315;326;381;326
set67_color;465;8;1;0;312;119;379;119;312;325;379;325
set67_color;466;8;1;0;313;119;376;119;313;325;376;325
set67_color;467;8;1;0;315;118;375;118;315;324;375;324
set67_color;468;8;1;0;310;115;375;115;310;326;375;326
set67_color;469;8;1;0;311;114;375;114;311;331;375;331
set67_color;470;8;1;0;313;108;377;108;313;333;377;333
set67_color;471;8;1;0;311;106;375;106;311;332;375;332
set67_color;472;8;1;0;311;103;385;103;311;328;385;328
set67_color;473;8;1;0;310;99;385;99;310;332;385;332
set67_color;474;8;1;0;308;95;385;95;308;331;385;331
set67_color;475;8;1;0;311;95;385;95;311;333;385;333
set67_color;476;8;1;0;314;92;387;92;314;333;387;333
set67_color;477;8;1;0;311;91;388;91;311;334;388;334
set67_color;478;8;1;0;311;88;388;88;311;334;388;334
set67_color;479;8;1;0;308;83;387;83;308;338;387;338
set67_color;480;8;1;0;308;79;391;79;308;335;391;335
set67_color;481;8;1;0;311;76;394;76;311;336;394;336
set67_color;482;8;1;0;312;73;390;73;312;335;390;335
set67_color;483;8;1;0;312;64;395;64;312;333;395;333
set67_color;484;8;1;0;315;67;401;67;315;342;401;342
set67_color;485;8;1;0;313;64;402;64;313;337;402;337
set67_color;486;8;1;0;319;64;405;64;319;338;405;338
set67_color;487;8;1;0;324;64;415;64;324;342;415;342
set67_color;488;8;1;0;321;59;424;59;321;339;424;339
set67_color;489;8;1;0;321;58;437;58;321;346;437;346
set67_color;490;8;1;0;335;53;442;53;335;345;442;345
set67_color;491;8;1;0;348;53;451;53;348;344;451;344
set67_color;492;8;1;0;371;47;463;47;371;344;463;344
set67_color;493;8;1;0;371;50;465;50;371;348;465;348
set67_color;494;8;1;0;367;46;487;46;367;346;487;346
set67_color;495;8;1;0;397;48;504;48;397;342;504;342
set67_color;496;8;1;0;409;44;501;44;409;351;501;351
set67_color;501;8;1;0;342;143;390;143;342;326;390;326
set67_color;502;8;1;0;333;142;392;142;333;325;392;325
set67_color;503;8;1;0;333;141;387;141;333;323;387;323
set67_color;504;8;1;0;329;141;381;141;329;324;381;324
set67_color;505;8;1;0;328;141;377;141;328;324;377;324
set67_color;506;8;1;0;322;136;375;136;322;324;375;324
set67_color;507;8;1;0;322;134;374;134;322;324;374;324
set67_color;508;8;1;0;315;134;375;134;315;323;375;323
set67_color;509;8;1;0;311;126;374;126;311;325;374;325
set67_color;510;8;1;0;311;129;373;129;311;323;373;323
set67_color;511;8;1;0;302;127;368;127;302;324;368;324
set67_color;512;8;1;0;301;127;363;127;301;324;363;324
set67_color;513;8;1;0;293;125;356;125;293;324;356;324
set67_color;514;8;1;0;284;126;354;126;284;326;354;326
set67_color;515;8;1;0;288;128;351;128;288;322;351;322
set67_color;516;8;1;0;273;126;344;126;273;325;344;325
set67_color;517;8;1;0;275;124;341;124;275;324;341;324
set67_color;518;8;1;0;273;124;337;124;273;324;337;324
set67_color;519;8;1;0;271;124;328;124;271;326;328;326
set67_color;520;8;1;0;264;120;328;120;264;325;328;325
set67_color;521;8;1;0;261;120;319;120;261;326;319;326
set67_color;522;8;1;0;257;120;312;120;257;329;312;329
set67_color;523;8;1;0;239;120;308;120;239;331;308;331
set67_color;524;8;1;0;237;118;308;118;237;328;308;328
set67_color;525;8;1;0;224;119;298;119;224;326;298;326
set67_color;526;8;1;0;225;118;295;118;225;326;295;326
set67_color;527;8;1;0;221;118;288;118;221;327;288;327
set67_color;528;8;1;0;218;114;286;114;218;326;286;326
set67_color;529;8;1;0;219;114;284;114;219;326;284;326
set67_color;530;8;1;0;215;113;280;113;215;327;280;327
set67_color;531;8;1;0;211;113;277;113;211;327;277;327
set67_color;532;8;1;0;213;111;275;111;213;327;275;327
set67_color;533;8;1;0;208;116;273;116;208;326;273;326
set67_color;534;8;1;0;208;117;274;117;208;326;274;326
set67_color;535;8;1;0;208;117;273;117;208;326;273;326
set67_color;536;8;1;0;207;119;270;119;207;326;270;326
set67_color;537;8;1;0;209;118;270;118;209;326;270;326
set67_color;538;8;1;0;208;119;271;119;208;326;271;326
set67_color;539;8;1;0;206;119;268;119;206;328;268;328
set67_color;540;8;1;0;207;119;269;119;207;327;269;327
set67_color;541;8;1;0;209;122;269;122;209;331;269;331
set67_color;542;8;1;0;206;120;270;120;206;328;270;328
set67_color;543;8;1;0;206;120;269;120;206;326;269;326
set67_color;544;8;1;0;206;117;272;117;206;328;272;328
set67_color;545;8;1;0;208;117;271;117;208;328;271;328
set67_color;546;8;1;0;208;115;271;115;208;327;271;327
set67_color;547;8;1;0;209;119;267;119;209;327;267;327
set67_color;548;8;1;0;208;118;268;118;208;326;268;326
set67_color;549;8;1;0;205;118;268;118;205;328;268;328
set67_color;550;8;1;0;202;112;263;112;202;326;263;326
set67_color;551;8;1;0;202;115;266;115;202;327;266;327
set67_color;552;8;1;0;204;115;269;115;204;328;269;328
set67_color;553;8;1;0;202;114;265;114;202;327;265;327
set67_color;554;8;1;0;206;115;271;115;206;328;271;328
set67_color;555;8;1;0;206;117;264;117;206;329;264;329
set67_color;556;8;1;0;199;112;268;112;199;328;268;328
set67_color;557;8;1;0;202;112;264;112;202;326;264;326
set67_color;558;8;1;0;193;111;266;111;193;328;266;328
set67_color;559;8;1;0;202;115;266;115;202;328;266;328
set67_color;560;8;1;0;199;112;268;112;199;328;268;328
set67_color;561;8;1;0;198;111;266;111;198;326;266;326
set67_color;562;8;1;0;197;110;266;110;197;328;266;328
set67_color;563;8;1;0;197;108;270;108;197;327;270;327
set67_color;564;8;1;0;198;106;269;106;198;327;269;327
set67_color;565;8;1;0;199;106;269;106;199;327;269;327
set67_color;566;8;1;0;198;104;268;104;198;327;268;327
set67_color;567;8;1;0;199;104;268;104;199;326;268;326
set67_color;568;8;1;0;199;98;273;98;199;330;273;330
set67_color;569;8;1;0;199;104;270;104;199;327;270;327
set67_color;570;8;1;0;201;104;272;104;201;328;272;328
set67_color;571;8;1;0;199;102;270;102;199;326;270;326
set67_color;572;8;1;0;202;102;279;102;202;327;279;327
set67_color;573;8;1;0;202;104;295;104;202;328;295;328
set67_color;574;8;1;0;206;101;297;101;206;327;297;327
set67_color;575;8;1;0;212;104;297;104;212;328;297;328
set67_color;576;8;1;0;220;104;301;104;220;328;301;328
set67_color;577;8;1;0;226;104;302;104;226;328;302;328
set67_color;578;8;1;0;233;104;304;104;233;328;304;328
set67_color;579;8;1;0;242;105;310;105;242;328;310;328
set67_color;580;8;1;0;246;105;313;105;246;331;313;331
set67_color;581;8;1;0;250;105;317;105;250;330;317;330
set67_color;582;8;1;0;253;105;322;105;253;328;322;328
set67_color;583;8;1;0;257;107;324;107;257;328;324;328
set67_color;584;8;1;0;263;107;326;107;263;329;326;329
set67_color;585;8;1;0;262;109;331;109;262;330;331;330
set67_color;586;8;1;0;263;109;334;109;263;328;334;328
set67_color;587;8;1;0;272;108;338;108;272;328;338;328
set67_color;588;8;1;0;282;110;340;110;282;328;340;328
set67_color;589;8;1;0;288;112;346;112;288;327;346;327
set67_color;590;8;1;0;291;113;349;113;291;328;349;328
set67_color;591;8;1;0;291;111;359;111;291;328;359;328
set67_color;592;8;1;0;296;114;369;114;296;332;369;332
set67_color;593;8;1;0;295;115;375;115;295;328;375;328
set67_color;593;8;1;0;411;20;520;20;411;346;520;346
set67_color;594;8;1;0;389;24;505;24;389;344;505;344
set67_color;594;8;1;0;302;111;391;111;302;331;391;331
set67_color;595;8;1;0;310;115;381;115;310;332;381;332
set67_color;595;8;1;0;382;31;486;31;382;347;486;347
set67_color;596;8;1;0;386;32;470;32;386;337;470;337
set67_color;596;8;1;0;315;116;388;116;315;335;388;335
set67_color;597;8;1;0;313;116;386;116;313;329;386;329
set67_color;597;8;1;0;371;26;455;26;371;345;455;345
set67_color;598;8;1;0;361;24;448;24;361;344;448;344
set67_color;598;8;1;0;304;118;388;118;304;330;388;330
set67_color;599;8;1;0;320;23;433;23;320;348;433;348
set67_color;600;8;1;0;297;28;428;28;297;345;428;345
 
